Hour,Demand (MWh),Plant 1 (MWh),Plant 2 (MWh),Plant 3 (MWh),Plant 4 (MWh),Plant 5 (MWh),Plant 1 Available (MWh),Plant 2 Available (MWh),Plant 3 Available (MWh),Plant 4 Available (MWh),Plant 5 Available (MWh),Clearing Price ($/MWh),Shadow Price ($/MWh),Production Cost ($),Market Cost ($),Curtailment (MWh)
1,435.457214,0.0,180.0,100.0,155.45721,0.0,0.0,180.0,100.0,600.0,1000.0,41.6,41.6,8977.019936,18115.020102,0.0
2,422.303309,0.0,150.0,100.0,172.30331,0.0,0.0,150.0,100.0,600.0,1000.0,41.6,41.6,9617.817696,17567.817646,0.0
3,409.807563,0.0,135.0,100.0,174.80756,0.0,0.0,135.0,100.0,600.0,1000.0,41.6,41.6,9691.994496,17047.994621,0.0
4,405.181912,0.0,135.0,100.0,170.18191,0.0,0.0,135.0,100.0,600.0,1000.0,41.6,41.6,9499.567456,16855.567548,0.0
5,400.07423,0.0,135.0,100.0,165.07423,0.0,0.0,135.0,100.0,600.0,1000.0,41.6,41.6,9287.087968,16643.08796,0.0
6,385.205404,0.0,120.0,100.0,165.2054,0.0,0.0,120.0,100.0,600.0,1000.0,41.6,41.6,9262.54464,16024.544815,0.0
7,384.491626,50.0,120.0,100.0,114.49163,0.0,50.0,120.0,100.0,600.0,1000.0,41.6,41.6,7202.851808,15994.85165,0.0
8,391.629404,100.0,120.0,100.0,71.629404,0.0,100.0,120.0,100.0,600.0,1000.0,41.6,41.6,5469.783206,16291.783223,0.0
9,411.856198,150.0,120.0,100.0,41.856198,0.0,150.0,120.0,100.0,600.0,1000.0,41.6,41.6,4281.217837,17133.21782,0.0
10,436.133912,250.0,105.0,81.133912,0.0,0.0,250.0,105.0,100.0,600.0,1000.0,21.5,21.5,2204.379108,9376.879117,0.0
11,464.981658,300.0,105.0,59.981658,0.0,0.0,300.0,105.0,100.0,600.0,1000.0,21.5,21.5,1799.605647,9997.105647,0.0
12,477.829658,375.0,90.0,12.829658,0.0,0.0,375.0,90.0,100.0,600.0,1000.0,21.5,21.5,830.837647,10273.337656,0.0
13,478.265341,450.0,28.265341,0.0,0.0,0.0,450.0,90.0,100.0,600.0,1000.0,2.0,2.0,506.530682,956.530681,61.734659
14,477.857468,350.0,90.0,37.857468,0.0,0.0,350.0,90.0,100.0,600.0,1000.0,21.5,21.5,1343.935562,10273.935558,0.0
15,483.345214,300.0,75.0,100.0,8.345214,0.0,300.0,75.0,100.0,600.0,1000.0,41.6,41.6,2947.160886,20107.160886,0.0
16,502.904579,250.0,75.0,100.0,77.904579,0.0,250.0,75.0,100.0,600.0,1000.0,41.6,41.6,5790.830486,20920.830478,0.0
17,532.280706,200.0,60.0,100.0,172.28071,0.0,200.0,60.0,100.0,600.0,1000.0,41.6,41.6,9636.877536,22142.87737,0.0
18,544.646674,150.0,45.0,100.0,249.64667,0.0,150.0,45.0,100.0,600.0,1000.0,41.6,41.6,12775.301472,22657.301647,0.0
19,535.53442,50.0,60.0,100.0,325.53442,0.0,50.0,60.0,100.0,600.0,1000.0,41.6,41.6,15862.231872,22278.23188,0.0
20,517.625087,0.0,60.0,100.0,357.62509,0.0,0.0,60.0,100.0,600.0,1000.0,41.6,41.6,17147.203744,21533.203611,0.0
21,508.10496,0.0,90.0,100.0,318.10496,0.0,0.0,90.0,100.0,600.0,1000.0,41.6,41.6,15563.166336,21137.166336,0.0
22,507.391182,0.0,120.0,100.0,287.39118,0.0,0.0,120.0,100.0,600.0,1000.0,41.6,41.6,14345.473088,21107.473171,0.0
23,477.227119,0.0,150.0,100.0,227.22712,0.0,0.0,150.0,100.0,600.0,1000.0,41.6,41.6,11902.648192,19852.648134,0.0
24,449.491753,0.0,225.0,100.0,124.49175,0.0,0.0,225.0,100.0,600.0,1000.0,41.6,41.6,7778.8568,18698.856933,0.0
25,432.240579,0.0,180.0,100.0,152.24058,0.0,0.0,180.0,100.0,600.0,1000.0,41.6,41.6,8843.208128,17981.208086,0.0
26,426.048325,0.0,150.0,100.0,176.04832,0.0,0.0,150.0,100.0,600.0,1000.0,41.6,41.6,9773.610112,17723.610303,0.0
27,427.309023,0.0,135.0,100.0,192.30902,0.0,0.0,135.0,100.0,600.0,1000.0,41.6,41.6,10420.055232,17776.055357,0.0
28,435.800198,0.0,135.0,100.0,200.8002,0.0,0.0,135.0,100.0,600.0,1000.0,41.6,41.6,10773.28832,18129.288228,0.0
29,454.145214,0.0,135.0,100.0,219.14521,0.0,0.0,135.0,100.0,600.0,1000.0,41.6,41.6,11536.440736,18892.440902,0.0
30,497.518801,0.0,120.0,100.0,277.5188,0.0,0.0,120.0,100.0,600.0,1000.0,41.6,41.6,13934.78208,20696.78213,0.0
31,546.000071,50.0,120.0,100.0,276.00007,0.0,50.0,120.0,100.0,600.0,1000.0,41.6,41.6,13921.602912,22713.602945,0.0
32,577.869785,100.0,120.0,100.0,257.86979,0.0,100.0,120.0,100.0,600.0,1000.0,41.6,41.6,13217.383264,24039.383073,0.0
33,590.838293,150.0,120.0,100.0,220.83829,0.0,150.0,120.0,100.0,600.0,1000.0,41.6,41.6,11726.872864,24578.873005,0.0
34,604.872833,250.0,105.0,100.0,149.87283,0.0,250.0,105.0,100.0,600.0,1000.0,41.6,41.6,8844.709728,25162.709844,0.0
35,617.32223,300.0,105.0,100.0,112.32223,0.0,300.0,105.0,100.0,600.0,1000.0,41.6,41.6,7332.604768,25680.60476,0.0
36,623.069531,375.0,90.0,100.0,58.069531,0.0,375.0,90.0,100.0,600.0,1000.0,41.6,41.6,5120.69249,25919.692506,0.0
37,618.073087,450.0,90.0,78.073087,0.0,0.0,450.0,90.0,100.0,600.0,1000.0,21.5,21.5,2308.57137,13288.571362,0.0
38,613.465976,350.0,90.0,100.0,73.465976,0.0,350.0,90.0,100.0,600.0,1000.0,41.6,41.6,5736.184602,25520.184593,0.0
39,611.751055,300.0,75.0,100.0,136.75106,0.0,300.0,75.0,100.0,600.0,1000.0,41.6,41.6,8288.844096,25448.843896,0.0
40,622.911944,250.0,75.0,100.0,197.91194,0.0,250.0,75.0,100.0,600.0,1000.0,41.6,41.6,10783.136704,25913.136862,0.0
41,651.481595,200.0,60.0,100.0,291.48159,0.0,200.0,60.0,100.0,600.0,1000.0,41.6,41.6,14595.634144,27101.634344,0.0
42,652.31588,150.0,45.0,100.0,357.31588,0.0,150.0,45.0,100.0,600.0,1000.0,41.6,41.6,17254.340608,27136.340625,0.0
43,635.092516,50.0,60.0,100.0,425.09252,0.0,50.0,60.0,100.0,600.0,1000.0,41.6,41.6,20003.848832,26419.848649,0.0
44,598.180007,0.0,60.0,100.0,438.18001,0.0,0.0,60.0,100.0,600.0,1000.0,41.6,41.6,20498.288416,24884.288308,0.0
45,573.281214,0.0,90.0,100.0,383.28121,0.0,0.0,90.0,100.0,600.0,1000.0,41.6,41.6,18274.498336,23848.498502,0.0
46,561.489976,0.0,120.0,100.0,341.48998,0.0,0.0,120.0,100.0,600.0,1000.0,41.6,41.6,16595.983168,23357.982985,0.0
47,523.641214,0.0,150.0,100.0,273.64121,0.0,0.0,150.0,100.0,600.0,1000.0,41.6,41.6,13833.474336,21783.474486,0.0
48,492.624325,0.0,225.0,100.0,167.62432,0.0,0.0,225.0,100.0,600.0,1000.0,41.6,41.6,9573.171712,20493.171903,0.0
49,471.757912,0.0,180.0,100.0,191.75791,0.0,0.0,180.0,100.0,600.0,1000.0,41.6,41.6,10487.129056,19625.129148,0.0
50,460.439436,0.0,150.0,100.0,210.43944,0.0,0.0,150.0,100.0,600.0,1000.0,41.6,41.6,11204.280704,19154.280538,0.0
51,458.140516,0.0,135.0,100.0,223.14052,0.0,0.0,135.0,100.0,600.0,1000.0,41.6,41.6,11702.645632,19058.645449,0.0
52,467.846039,0.0,135.0,100.0,232.84604,0.0,0.0,135.0,100.0,600.0,1000.0,41.6,41.6,12106.395264,19462.395239,0.0
53,484.874738,0.0,135.0,100.0,249.87474,0.0,0.0,135.0,100.0,600.0,1000.0,41.6,41.6,12814.789184,20170.789092,0.0
54,523.455817,0.0,120.0,100.0,303.45582,0.0,0.0,120.0,100.0,600.0,1000.0,41.6,41.6,15013.762112,21775.761996,0.0
55,570.630039,50.0,120.0,100.0,300.63004,0.0,50.0,120.0,100.0,600.0,1000.0,41.6,41.6,14946.209664,23738.209622,0.0
56,597.679436,100.0,120.0,100.0,277.67944,0.0,100.0,120.0,100.0,600.0,1000.0,41.6,41.6,14041.464704,24863.464529,0.0
57,613.855309,150.0,120.0,100.0,243.85531,0.0,150.0,120.0,100.0,600.0,1000.0,41.6,41.6,12684.380896,25536.380863,0.0
58,631.838801,250.0,105.0,100.0,176.8388,0.0,250.0,105.0,100.0,600.0,1000.0,41.6,41.6,9966.49408,26284.494113,0.0
59,649.025087,300.0,105.0,100.0,144.02509,0.0,300.0,105.0,100.0,600.0,1000.0,41.6,41.6,8651.443744,26999.443611,0.0
60,650.137468,375.0,90.0,100.0,85.137468,0.0,375.0,90.0,100.0,600.0,1000.0,41.6,41.6,6246.718669,27045.718652,0.0
61,642.610357,450.0,90.0,100.0,2.610357,0.0,450.0,90.0,100.0,600.0,1000.0,41.6,41.6,2888.590835,26732.590835,0.0
62,629.966293,350.0,90.0,100.0,89.966293,0.0,350.0,90.0,100.0,600.0,1000.0,41.6,41.6,6422.597789,26206.597797,0.0
63,623.959436,300.0,75.0,100.0,148.95944,0.0,300.0,75.0,100.0,600.0,1000.0,41.6,41.6,8796.712704,25956.712529,0.0
64,629.873595,250.0,75.0,100.0,204.8736,0.0,250.0,75.0,100.0,600.0,1000.0,41.6,41.6,11072.74176,26202.741552,0.0
65,651.036643,200.0,60.0,100.0,291.03664,0.0,200.0,60.0,100.0,600.0,1000.0,41.6,41.6,14577.124224,27083.124332,0.0
66,649.015817,150.0,45.0,100.0,354.01582,0.0,150.0,45.0,100.0,600.0,1000.0,41.6,41.6,17117.058112,26999.057979,0.0
67,629.039309,50.0,60.0,100.0,419.03931,0.0,50.0,60.0,100.0,600.0,1000.0,41.6,41.6,19752.035296,26168.035246,0.0
68,592.312198,0.0,60.0,100.0,432.3122,0.0,0.0,60.0,100.0,600.0,1000.0,41.6,41.6,20254.18752,24640.18742,0.0
69,571.362356,0.0,90.0,100.0,381.36236,0.0,0.0,90.0,100.0,600.0,1000.0,41.6,41.6,18194.674176,23768.674026,0.0
70,556.623309,0.0,120.0,100.0,336.62331,0.0,0.0,120.0,100.0,600.0,1000.0,41.6,41.6,16393.529696,23155.529654,0.0
71,514.176706,0.0,150.0,100.0,264.17671,0.0,0.0,150.0,100.0,600.0,1000.0,41.6,41.6,13439.751136,21389.750953,0.0
72,482.835373,0.0,225.0,100.0,157.83537,0.0,0.0,225.0,100.0,600.0,1000.0,41.6,41.6,9165.951392,20085.9515,0.0
73,457.788262,0.0,180.0,100.0,177.78826,0.0,0.0,180.0,100.0,600.0,1000.0,41.6,41.6,9905.991616,19043.991683,0.0
74,448.268134,0.0,150.0,100.0,198.26813,0.0,0.0,150.0,100.0,600.0,1000.0,41.6,41.6,10697.954208,18647.954383,0.0
75,451.985341,0.0,135.0,100.0,216.98534,0.0,0.0,135.0,100.0,600.0,1000.0,41.6,41.6,11446.590144,18802.590169,0.0
76,463.12769,0.0,135.0,100.0,228.12769,0.0,0.0,135.0,100.0,600.0,1000.0,41.6,41.6,11910.111904,19266.111896,0.0
77,486.765785,0.0,135.0,100.0,251.76579,0.0,0.0,135.0,100.0,600.0,1000.0,41.6,41.6,12893.456864,20249.456673,0.0
78,533.884388,0.0,120.0,100.0,313.88439,0.0,0.0,120.0,100.0,600.0,1000.0,41.6,41.6,15447.590624,22209.590557,0.0
79,583.283372,50.0,120.0,100.0,313.28337,0.0,50.0,120.0,100.0,600.0,1000.0,41.6,41.6,15472.588192,24264.588292,0.0
80,615.866864,100.0,120.0,100.0,295.86686,0.0,100.0,120.0,100.0,600.0,1000.0,41.6,41.6,14798.061376,25620.061559,0.0
81,633.69277,150.0,120.0,100.0,263.69277,0.0,150.0,120.0,100.0,600.0,1000.0,41.6,41.6,13509.619232,26361.619215,0.0
82,650.721468,250.0,105.0,100.0,195.72147,0.0,250.0,105.0,100.0,600.0,1000.0,41.6,41.6,10752.013152,27070.013069,0.0
83,667.342293,300.0,105.0,100.0,162.34229,0.0,300.0,105.0,100.0,600.0,1000.0,41.6,41.6,9413.439264,27761.439389,0.0
84,665.441975,375.0,90.0,100.0,100.44198,0.0,375.0,90.0,100.0,600.0,1000.0,41.6,41.6,6883.386368,27682.386177,0.0
85,645.33569,450.0,90.0,100.0,5.33569,0.0,450.0,90.0,100.0,600.0,1000.0,41.6,41.6,3001.964696,26845.964696,0.0
86,627.79715,350.0,90.0,100.0,87.79715,0.0,350.0,90.0,100.0,600.0,1000.0,41.6,41.6,6332.36144,26116.361457,0.0
87,621.317531,300.0,75.0,100.0,146.31753,0.0,300.0,75.0,100.0,600.0,1000.0,41.6,41.6,8686.809248,25846.809306,0.0
88,626.703309,250.0,75.0,100.0,201.70331,0.0,250.0,75.0,100.0,600.0,1000.0,41.6,41.6,10940.857696,26070.857654,0.0
89,643.129468,200.0,60.0,100.0,283.12947,0.0,200.0,60.0,100.0,600.0,1000.0,41.6,41.6,14248.185952,26754.185852,0.0
90,637.521214,150.0,45.0,100.0,342.52121,0.0,150.0,45.0,100.0,600.0,1000.0,41.6,41.6,16638.882336,26520.882486,0.0
91,616.617722,50.0,60.0,100.0,406.61772,0.0,50.0,60.0,100.0,600.0,1000.0,41.6,41.6,19235.297152,25651.297227,0.0
92,580.678547,0.0,60.0,100.0,420.67855,0.0,0.0,60.0,100.0,600.0,1000.0,41.6,41.6,19770.22768,24156.227547,0.0
93,558.30115,0.0,90.0,100.0,368.30115,0.0,0.0,90.0,100.0,600.0,1000.0,41.6,41.6,17651.32784,23225.327848,0.0
94,543.812389,0.0,120.0,100.0,323.81239,0.0,0.0,120.0,100.0,600.0,1000.0,41.6,41.6,15860.595424,22622.595366,0.0
95,511.0435,0.0,150.0,100.0,261.0435,0.0,0.0,150.0,100.0,600.0,1000.0,41.6,41.6,13309.4096,21259.409583,0.0
96,476.383563,0.0,225.0,100.0,151.38356,0.0,0.0,225.0,100.0,600.0,1000.0,41.6,41.6,8897.556096,19817.556221,0.0
97,456.286547,0.0,180.0,100.0,176.28655,0.0,0.0,180.0,100.0,600.0,1000.0,41.6,41.6,9843.52048,18981.520347,0.0
98,445.895055,0.0,150.0,100.0,195.89506,0.0,0.0,150.0,100.0,600.0,1000.0,41.6,41.6,10599.234496,18549.234288,0.0
99,447.34115,0.0,135.0,100.0,212.34115,0.0,0.0,135.0,100.0,600.0,1000.0,41.6,41.6,11253.39184,18609.391857,0.0
100,453.487055,0.0,135.0,100.0,218.48705,0.0,0.0,135.0,100.0,600.0,1000.0,41.6,41.6,11509.06128,18865.06148,0.0
101,455.164896,0.0,135.0,100.0,220.1649,0.0,0.0,135.0,100.0,600.0,1000.0,41.6,41.6,11578.85984,18934.859674,0.0
102,458.372261,0.0,120.0,100.0,238.37226,0.0,0.0,120.0,100.0,600.0,1000.0,41.6,41.6,12306.286016,19068.286074,0.0
103,484.939627,50.0,120.0,100.0,214.93963,0.0,50.0,120.0,100.0,600.0,1000.0,41.6,41.6,11381.488608,20173.488467,0.0
104,519.553214,100.0,120.0,100.0,199.55321,0.0,100.0,120.0,100.0,600.0,1000.0,41.6,41.6,10791.413536,21613.413694,0.0
105,551.358039,150.0,120.0,100.0,181.35804,0.0,150.0,120.0,100.0,600.0,1000.0,41.6,41.6,10084.494464,22936.494422,0.0
106,577.276516,250.0,105.0,100.0,122.27652,0.0,250.0,105.0,100.0,600.0,1000.0,41.6,41.6,7696.703232,24014.703049,0.0
107,595.195118,300.0,105.0,100.0,90.195118,0.0,300.0,105.0,100.0,600.0,1000.0,41.6,41.6,6412.116909,24760.116925,0.0
108,597.160325,375.0,90.0,100.0,32.160325,0.0,375.0,90.0,100.0,600.0,1000.0,41.6,41.6,4042.86952,24841.869512,0.0
109,587.019119,450.0,90.0,47.019119,0.0,0.0,450.0,90.0,100.0,600.0,1000.0,21.5,21.5,1640.911058,12620.911054,0.0
110,575.774801,350.0,90.0,100.0,35.774801,0.0,350.0,90.0,100.0,600.0,1000.0,41.6,41.6,4168.231722,23952.231713,0.0
111,575.22788,300.0,75.0,100.0,100.22788,0.0,300.0,75.0,100.0,600.0,1000.0,41.6,41.6,6769.479808,23929.479825,0.0
112,589.642484,250.0,75.0,100.0,164.64248,0.0,250.0,75.0,100.0,600.0,1000.0,41.6,41.6,9399.127168,24529.127326,0.0
113,618.582928,200.0,60.0,100.0,258.58293,0.0,200.0,60.0,100.0,600.0,1000.0,41.6,41.6,13227.049888,25733.049813,0.0
114,622.53188,150.0,45.0,100.0,327.53188,0.0,150.0,45.0,100.0,600.0,1000.0,41.6,41.6,16015.326208,25897.326225,0.0
115,606.003754,50.0,60.0,100.0,396.00375,0.0,50.0,60.0,100.0,600.0,1000.0,41.6,41.6,18793.756,25209.75615,0.0
116,575.83042,0.0,60.0,100.0,415.83042,0.0,0.0,60.0,100.0,600.0,1000.0,41.6,41.6,19568.545472,23954.54548,0.0
117,556.808706,0.0,90.0,100.0,366.80871,0.0,0.0,90.0,100.0,600.0,1000.0,41.6,41.6,17589.242336,23163.24217,0.0
118,553.267627,0.0,120.0,100.0,333.26763,0.0,0.0,120.0,100.0,600.0,1000.0,41.6,41.6,16253.933408,23015.933267,0.0
119,522.185849,0.0,150.0,100.0,272.18585,0.0,0.0,150.0,100.0,600.0,1000.0,41.6,41.6,13772.93136,21722.93131,0.0
120,481.305848,0.0,225.0,100.0,156.30585,0.0,0.0,225.0,100.0,600.0,1000.0,41.6,41.6,9102.32336,20022.323293,0.0
121,452.995753,0.0,180.0,100.0,172.99575,0.0,0.0,180.0,100.0,600.0,1000.0,41.6,41.6,9706.6232,18844.623333,0.0
122,442.873087,0.0,150.0,100.0,192.87309,0.0,0.0,150.0,100.0,600.0,1000.0,41.6,41.6,10473.520544,18423.520403,0.0
123,443.206801,0.0,135.0,100.0,208.2068,0.0,0.0,135.0,100.0,600.0,1000.0,41.6,41.6,11081.40288,18437.40293,0.0
124,444.105976,0.0,135.0,100.0,209.10598,0.0,0.0,135.0,100.0,600.0,1000.0,41.6,41.6,11118.808768,18474.808585,0.0
125,436.912579,0.0,135.0,100.0,201.91258,0.0,0.0,135.0,100.0,600.0,1000.0,41.6,41.6,10819.563328,18175.56327,0.0
126,428.05988,0.0,120.0,100.0,208.05988,0.0,0.0,120.0,100.0,600.0,1000.0,41.6,41.6,11045.291008,17807.291025,0.0
127,440.416579,50.0,120.0,100.0,170.41658,0.0,50.0,120.0,100.0,600.0,1000.0,41.6,41.6,9529.329728,18321.32967,0.0
128,466.761468,100.0,120.0,100.0,146.76147,0.0,100.0,120.0,100.0,600.0,1000.0,41.6,41.6,8595.277152,19417.277069,0.0
129,496.350801,150.0,120.0,100.0,126.3508,0.0,150.0,120.0,100.0,600.0,1000.0,41.6,41.6,7796.19328,20648.193322,0.0
130,521.870674,250.0,105.0,100.0,66.870674,0.0,250.0,105.0,100.0,600.0,1000.0,41.6,41.6,5391.820038,21709.820047,0.0
131,550.15296,300.0,105.0,100.0,45.15296,0.0,300.0,105.0,100.0,600.0,1000.0,41.6,41.6,4538.363136,22886.363136,0.0
132,553.230547,375.0,90.0,88.230547,0.0,0.0,375.0,90.0,100.0,600.0,1000.0,21.5,21.5,2451.95676,11894.456765,0.0
133,536.758039,450.0,86.758039,0.0,0.0,0.0,450.0,90.0,100.0,600.0,1000.0,2.0,2.0,623.516078,1073.516078,3.241961
134,525.272706,350.0,90.0,85.272706,0.0,0.0,350.0,90.0,100.0,600.0,1000.0,21.5,21.5,2363.363179,11293.363179,0.0
135,526.125531,300.0,75.0,100.0,51.125531,0.0,300.0,75.0,100.0,600.0,1000.0,41.6,41.6,4726.82209,21886.82209,0.0
136,547.594484,250.0,75.0,100.0,122.59448,0.0,250.0,75.0,100.0,600.0,1000.0,41.6,41.6,7649.930368,22779.930526,0.0
137,580.317023,200.0,60.0,100.0,220.31702,0.0,200.0,60.0,100.0,600.0,1000.0,41.6,41.6,11635.188032,24141.188173,0.0
138,592.228769,150.0,45.0,100.0,297.22877,0.0,150.0,45.0,100.0,600.0,1000.0,41.6,41.6,14754.716832,24636.716807,0.0
139,581.957785,50.0,60.0,100.0,371.95779,0.0,50.0,60.0,100.0,600.0,1000.0,41.6,41.6,17793.444064,24209.443864,0.0
140,560.405404,0.0,60.0,100.0,400.4054,0.0,0.0,60.0,100.0,600.0,1000.0,41.6,41.6,18926.86464,23312.864815,0.0
141,550.431055,0.0,90.0,100.0,360.43106,0.0,0.0,90.0,100.0,600.0,1000.0,41.6,41.6,17323.932096,22897.931896,0.0
142,551.367309,0.0,120.0,100.0,331.36731,0.0,0.0,120.0,100.0,600.0,1000.0,41.6,41.6,16174.880096,22936.880054,0.0
143,516.503436,0.0,150.0,100.0,266.50344,0.0,0.0,150.0,100.0,600.0,1000.0,41.6,41.6,13536.543104,21486.542938,0.0
144,484.031182,0.0,225.0,100.0,159.03118,0.0,0.0,225.0,100.0,600.0,1000.0,41.6,41.6,9215.697088,20135.69718,0.0
145,464.963119,0.0,180.0,100.0,184.96312,0.0,0.0,180.0,100.0,600.0,1000.0,41.6,41.6,10204.465792,19342.465734,0.0
146,461.171753,0.0,150.0,100.0,211.17175,0.0,0.0,150.0,100.0,600.0,1000.0,41.6,41.6,11234.7448,19184.744941,0.0
147,467.048833,0.0,135.0,100.0,232.04883,0.0,0.0,135.0,100.0,600.0,1000.0,41.6,41.6,12073.231328,19429.231436,0.0
148,486.311563,0.0,135.0,100.0,251.31156,0.0,0.0,135.0,100.0,600.0,1000.0,41.6,41.6,12874.560896,20230.561029,0.0
149,524.957531,0.0,135.0,100.0,289.95753,0.0,0.0,135.0,100.0,600.0,1000.0,41.6,41.6,14482.233248,21838.233306,0.0
150,601.415182,0.0,120.0,100.0,381.41518,0.0,0.0,120.0,100.0,600.0,1000.0,41.6,41.6,18256.871488,25018.87158,0.0
151,674.452261,50.0,120.0,100.0,404.45226,0.0,50.0,120.0,100.0,600.0,1000.0,41.6,41.6,19265.214016,28057.214066,0.0
152,698.980261,100.0,120.0,100.0,378.98026,0.0,100.0,120.0,100.0,600.0,1000.0,41.6,41.6,18255.578816,29077.578866,0.0
153,704.226992,150.0,120.0,100.0,334.22699,0.0,150.0,120.0,100.0,600.0,1000.0,41.6,41.6,16443.842784,29295.842859,0.0
154,711.123754,250.0,105.0,100.0,256.12375,0.0,250.0,105.0,100.0,600.0,1000.0,41.6,41.6,13264.748,29582.74815,0.0
155,721.811881,300.0,105.0,100.0,216.81188,0.0,300.0,105.0,100.0,600.0,1000.0,41.6,41.6,11679.374208,30027.374233,0.0
156,718.734293,375.0,90.0,100.0,153.73429,0.0,375.0,90.0,100.0,600.0,1000.0,41.6,41.6,9100.346464,29899.346605,0.0
157,716.110928,450.0,90.0,100.0,76.110928,0.0,450.0,90.0,100.0,600.0,1000.0,41.6,41.6,5946.214605,29790.214596,0.0
158,707.054293,350.0,90.0,100.0,167.05429,0.0,350.0,90.0,100.0,600.0,1000.0,41.6,41.6,9629.458464,29413.458597,0.0
159,702.169087,300.0,75.0,100.0,227.16909,0.0,300.0,75.0,100.0,600.0,1000.0,41.6,41.6,12050.234144,29210.234003,0.0
160,708.027626,250.0,75.0,100.0,283.02763,0.0,250.0,75.0,100.0,600.0,1000.0,41.6,41.6,14323.949408,29453.949258,0.0
161,729.839563,200.0,60.0,100.0,369.83956,0.0,200.0,60.0,100.0,600.0,1000.0,41.6,41.6,17855.325696,30361.325829,0.0
162,727.281087,150.0,45.0,100.0,432.28109,0.0,150.0,45.0,100.0,600.0,1000.0,41.6,41.6,20372.893344,30254.893219,0.0
163,709.881595,50.0,60.0,100.0,499.88159,0.0,50.0,60.0,100.0,600.0,1000.0,41.6,41.6,23115.074144,29531.074335,0.0
164,673.219372,0.0,60.0,100.0,513.21937,0.0,0.0,60.0,100.0,600.0,1000.0,41.6,41.6,23619.925792,28005.925884,0.0
165,642.934801,0.0,90.0,100.0,452.9348,0.0,0.0,90.0,100.0,600.0,1000.0,41.6,41.6,21172.08768,26746.08773,0.0
166,617.92477,0.0,120.0,100.0,397.92477,0.0,0.0,120.0,100.0,600.0,1000.0,41.6,41.6,18943.670432,25705.670415,0.0
167,571.260388,0.0,150.0,100.0,321.26039,0.0,0.0,150.0,100.0,600.0,1000.0,41.6,41.6,15814.432224,23764.432149,0.0
168,536.656071,0.0,225.0,100.0,211.65607,0.0,0.0,225.0,100.0,600.0,1000.0,41.6,41.6,11404.892512,22324.892554,0.0
169,516.327309,0.0,180.0,100.0,236.32731,0.0,0.0,180.0,100.0,600.0,1000.0,41.6,41.6,12341.216096,21479.216054,0.0
170,510.338992,0.0,150.0,100.0,260.33899,0.0,0.0,150.0,100.0,600.0,1000.0,41.6,41.6,13280.101984,21230.102051,0.0
171,515.724769,0.0,135.0,100.0,280.72477,0.0,0.0,135.0,100.0,600.0,1000.0,41.6,41.6,14098.150432,21454.150399,0.0
172,527.35842,0.0,135.0,100.0,292.35842,0.0,0.0,135.0,100.0,600.0,1000.0,41.6,41.6,14582.110272,21938.110272,0.0
173,552.989531,0.0,135.0,100.0,317.98953,0.0,0.0,135.0,100.0,600.0,1000.0,41.6,41.6,15648.364448,23004.364506,0.0
174,622.096198,0.0,120.0,100.0,402.0962,0.0,0.0,120.0,100.0,600.0,1000.0,41.6,41.6,19117.20192,25879.20182,0.0
175,687.124135,50.0,120.0,100.0,417.12413,0.0,50.0,120.0,100.0,600.0,1000.0,41.6,41.6,19792.363808,28584.363999,0.0
176,702.808706,100.0,120.0,100.0,382.80871,0.0,100.0,120.0,100.0,600.0,1000.0,41.6,41.6,18414.842336,29236.842161,0.0
177,700.769341,150.0,120.0,100.0,330.76934,0.0,150.0,120.0,100.0,600.0,1000.0,41.6,41.6,16300.004544,29152.004569,0.0
178,710.72515,250.0,105.0,100.0,255.72515,0.0,250.0,105.0,100.0,600.0,1000.0,41.6,41.6,13248.16624,29566.166248,0.0
179,727.438674,300.0,105.0,100.0,222.43867,0.0,300.0,105.0,100.0,600.0,1000.0,41.6,41.6,11913.448672,30261.448838,0.0
180,724.073722,375.0,90.0,100.0,159.07372,0.0,375.0,90.0,100.0,600.0,1000.0,41.6,41.6,9322.466752,30121.466819,0.0
181,720.801468,450.0,90.0,100.0,80.801468,0.0,450.0,90.0,100.0,600.0,1000.0,41.6,41.6,6141.341069,29985.341069,0.0
182,712.579118,350.0,90.0,100.0,172.57912,0.0,350.0,90.0,100.0,600.0,1000.0,41.6,41.6,9859.291392,29643.291325,0.0
183,708.797023,300.0,75.0,100.0,233.79702,0.0,300.0,75.0,100.0,600.0,1000.0,41.6,41.6,12325.956032,29485.956165,0.0
184,710.437785,250.0,75.0,100.0,285.43778,0.0,250.0,75.0,100.0,600.0,1000.0,41.6,41.6,14424.211648,29554.211856,0.0
185,731.971627,200.0,60.0,100.0,371.97163,0.0,200.0,60.0,100.0,600.0,1000.0,41.6,41.6,17944.019808,30450.019667,0.0
186,729.45023,150.0,45.0,100.0,434.45023,0.0,150.0,45.0,100.0,600.0,1000.0,41.6,41.6,20463.129568,30345.12956,0.0
187,711.346229,50.0,60.0,100.0,501.34623,0.0,50.0,60.0,100.0,600.0,1000.0,41.6,41.6,23176.003168,29592.003143,0.0
188,676.639944,0.0,60.0,100.0,516.63994,0.0,0.0,60.0,100.0,600.0,1000.0,41.6,41.6,23762.221504,28148.22167,0.0
189,647.10623,0.0,90.0,100.0,457.10623,0.0,0.0,90.0,100.0,600.0,1000.0,41.6,41.6,21345.619168,26919.61916,0.0
190,624.738103,0.0,120.0,100.0,404.7381,0.0,0.0,120.0,100.0,600.0,1000.0,41.6,41.6,19227.10496,25989.105068,0.0
191,576.377341,0.0,150.0,100.0,326.37734,0.0,0.0,150.0,100.0,600.0,1000.0,41.6,41.6,16027.297344,23977.297369,0.0
192,541.615436,0.0,225.0,100.0,216.61544,0.0,0.0,225.0,100.0,600.0,1000.0,41.6,41.6,11611.202304,22531.202129,0.0
193,525.124388,0.0,180.0,100.0,245.12439,0.0,0.0,180.0,100.0,600.0,1000.0,41.6,41.6,12707.174624,21845.174557,0.0
194,517.384071,0.0,150.0,100.0,267.38407,0.0,0.0,150.0,100.0,600.0,1000.0,41.6,41.6,13573.177312,21523.177354,0.0
195,521.49988,0.0,135.0,100.0,286.49988,0.0,0.0,135.0,100.0,600.0,1000.0,41.6,41.6,14338.395008,21694.395016,0.0
196,536.980516,0.0,135.0,100.0,301.98052,0.0,0.0,135.0,100.0,600.0,1000.0,41.6,41.6,14982.389632,22338.389449,0.0
197,564.16896,0.0,135.0,100.0,329.16896,0.0,0.0,135.0,100.0,600.0,1000.0,41.6,41.6,16113.428736,23469.428736,0.0
198,634.517785,0.0,120.0,100.0,414.51779,0.0,0.0,120.0,100.0,600.0,1000.0,41.6,41.6,19633.940064,26395.939864,0.0
199,699.341785,50.0,120.0,100.0,429.34179,0.0,50.0,120.0,100.0,600.0,1000.0,41.6,41.6,20300.618464,29092.618264,0.0
200,722.785214,100.0,120.0,100.0,402.78521,0.0,100.0,120.0,100.0,600.0,1000.0,41.6,41.6,19245.864736,30067.864894,0.0
201,718.400579,150.0,120.0,100.0,348.40058,0.0,150.0,120.0,100.0,600.0,1000.0,41.6,41.6,17033.464128,29885.464078,0.0
202,726.919563,250.0,105.0,100.0,271.91956,0.0,250.0,105.0,100.0,600.0,1000.0,41.6,41.6,13921.853696,30239.853821,0.0
203,739.758293,300.0,105.0,100.0,234.75829,0.0,300.0,105.0,100.0,600.0,1000.0,41.6,41.6,12425.944864,30773.945005,0.0
204,732.555626,375.0,90.0,100.0,167.55563,0.0,375.0,90.0,100.0,600.0,1000.0,41.6,41.6,9675.314208,30474.314058,0.0
205,730.544071,450.0,90.0,100.0,90.544071,0.0,450.0,90.0,100.0,600.0,1000.0,41.6,41.6,6546.633354,30390.633337,0.0
206,721.561595,350.0,90.0,100.0,181.56159,0.0,350.0,90.0,100.0,600.0,1000.0,41.6,41.6,10232.962144,30016.962344,0.0
207,715.601087,300.0,75.0,100.0,240.60109,0.0,300.0,75.0,100.0,600.0,1000.0,41.6,41.6,12609.005344,29769.005211,0.0
208,717.436516,250.0,75.0,100.0,292.43652,0.0,250.0,75.0,100.0,600.0,1000.0,41.6,41.6,14715.359232,29845.359049,0.0
209,733.176706,200.0,60.0,100.0,373.17671,0.0,200.0,60.0,100.0,600.0,1000.0,41.6,41.6,17994.151136,30500.150953,0.0
210,725.862801,150.0,45.0,100.0,430.8628,0.0,150.0,45.0,100.0,600.0,1000.0,41.6,41.6,20313.89248,30195.892522,0.0
211,704.458738,50.0,60.0,100.0,494.45874,0.0,50.0,60.0,100.0,600.0,1000.0,41.6,41.6,22889.483584,29305.483484,0.0
212,665.367817,0.0,60.0,100.0,505.36782,0.0,0.0,60.0,100.0,600.0,1000.0,41.6,41.6,23293.301312,27679.301196,0.0
213,632.756515,0.0,90.0,100.0,442.75652,0.0,0.0,90.0,100.0,600.0,1000.0,41.6,41.6,20748.671232,26322.671032,0.0
214,609.999055,0.0,120.0,100.0,389.99906,0.0,0.0,120.0,100.0,600.0,1000.0,41.6,41.6,18613.960896,25375.960696,0.0
215,562.426229,0.0,150.0,100.0,312.42623,0.0,0.0,150.0,100.0,600.0,1000.0,41.6,41.6,15446.931168,23396.931143,0.0
216,530.055944,0.0,225.0,100.0,205.05594,0.0,0.0,225.0,100.0,600.0,1000.0,41.6,41.6,11130.327104,22050.327262,0.0
217,513.676135,0.0,180.0,100.0,233.67613,0.0,0.0,180.0,100.0,600.0,1000.0,41.6,41.6,12230.927008,21368.927199,0.0
218,505.045912,0.0,150.0,100.0,255.04591,0.0,0.0,150.0,100.0,600.0,1000.0,41.6,41.6,13059.909856,21009.909948,0.0
219,508.438674,0.0,135.0,100.0,273.43867,0.0,0.0,135.0,100.0,600.0,1000.0,41.6,41.6,13795.048672,21151.048838,0.0
220,515.780389,0.0,135.0,100.0,280.78039,0.0,0.0,135.0,100.0,600.0,1000.0,41.6,41.6,14100.464224,21456.464166,0.0
221,539.863436,0.0,135.0,100.0,304.86344,0.0,0.0,135.0,100.0,600.0,1000.0,41.6,41.6,15102.319104,22458.318929,0.0
222,609.452134,0.0,120.0,100.0,389.45213,0.0,0.0,120.0,100.0,600.0,1000.0,41.6,41.6,18591.208608,25353.208783,0.0
223,678.503182,50.0,120.0,100.0,408.50318,0.0,50.0,120.0,100.0,600.0,1000.0,41.6,41.6,19433.732288,28225.73238,0.0
224,700.24096,100.0,120.0,100.0,380.24096,0.0,100.0,120.0,100.0,600.0,1000.0,41.6,41.6,18308.023936,29130.023919,0.0
225,700.713722,150.0,120.0,100.0,330.71372,0.0,150.0,120.0,100.0,600.0,1000.0,41.6,41.6,16297.690752,29149.690827,0.0
226,707.156261,250.0,105.0,100.0,252.15626,0.0,250.0,105.0,100.0,600.0,1000.0,41.6,41.6,13099.700416,29417.700474,0.0
227,715.322992,300.0,105.0,100.0,210.32299,0.0,300.0,105.0,100.0,600.0,1000.0,41.6,41.6,11409.436384,29757.436451,0.0
228,711.540896,375.0,90.0,100.0,146.5409,0.0,375.0,90.0,100.0,600.0,1000.0,41.6,41.6,8801.10144,29600.10129,0.0
229,708.834103,450.0,90.0,100.0,68.834103,0.0,450.0,90.0,100.0,600.0,1000.0,41.6,41.6,5643.498685,29487.498668,0.0
230,705.061277,350.0,90.0,100.0,165.06128,0.0,350.0,90.0,100.0,600.0,1000.0,41.6,41.6,9546.549248,29330.54914,0.0
231,704.134293,300.0,75.0,100.0,229.13429,0.0,300.0,75.0,100.0,600.0,1000.0,41.6,41.6,12131.986464,29291.986589,0.0
232,708.175944,250.0,75.0,100.0,283.17594,0.0,250.0,75.0,100.0,600.0,1000.0,41.6,41.6,14330.119104,29460.11927,0.0
233,730.979753,200.0,60.0,100.0,370.97975,0.0,200.0,60.0,100.0,600.0,1000.0,41.6,41.6,17902.7576,30408.757741,0.0
234,728.30077,150.0,45.0,100.0,433.30077,0.0,150.0,45.0,100.0,600.0,1000.0,41.6,41.6,20415.312032,30297.312015,0.0
235,713.876896,50.0,60.0,100.0,503.8769,0.0,50.0,60.0,100.0,600.0,1000.0,41.6,41.6,23281.27904,29697.278882,0.0
236,679.838039,0.0,60.0,100.0,519.83804,0.0,0.0,60.0,100.0,600.0,1000.0,41.6,41.6,23895.262464,28281.262439,0.0
237,649.590547,0.0,90.0,100.0,459.59055,0.0,0.0,90.0,100.0,600.0,1000.0,41.6,41.6,21448.96688,27022.966764,0.0
238,629.252515,0.0,120.0,100.0,409.25252,0.0,0.0,120.0,100.0,600.0,1000.0,41.6,41.6,19414.904832,26176.904632,0.0
239,584.859245,0.0,150.0,100.0,334.85925,0.0,0.0,150.0,100.0,600.0,1000.0,41.6,41.6,16380.1448,24330.144609,0.0
240,554.760071,0.0,225.0,100.0,229.76007,0.0,0.0,225.0,100.0,600.0,1000.0,41.6,41.6,12158.018912,23078.018945,0.0
241,535.376833,0.0,180.0,100.0,255.37683,0.0,0.0,180.0,100.0,600.0,1000.0,41.6,41.6,13133.676128,22271.676236,0.0
242,524.243753,0.0,150.0,100.0,274.24375,0.0,0.0,150.0,100.0,600.0,1000.0,41.6,41.6,13858.54,21808.540141,0.0
243,524.253023,0.0,135.0,100.0,289.25302,0.0,0.0,135.0,100.0,600.0,1000.0,41.6,41.6,14452.925632,21808.925773,0.0
244,530.945849,0.0,135.0,100.0,295.94585,0.0,0.0,135.0,100.0,600.0,1000.0,41.6,41.6,14731.34736,22087.34731,0.0
245,552.980261,0.0,135.0,100.0,317.98026,0.0,0.0,135.0,100.0,600.0,1000.0,41.6,41.6,15647.978816,23003.978874,0.0
246,618.592198,0.0,120.0,100.0,398.5922,0.0,0.0,120.0,100.0,600.0,1000.0,41.6,41.6,18971.43552,25733.43542,0.0
247,685.761468,50.0,120.0,100.0,415.76147,0.0,50.0,120.0,100.0,600.0,1000.0,41.6,41.6,19735.677152,28527.677069,0.0
248,710.688071,100.0,120.0,100.0,390.68807,0.0,100.0,120.0,100.0,600.0,1000.0,41.6,41.6,18742.623712,29564.623745,0.0
249,707.944198,150.0,120.0,100.0,337.9442,0.0,150.0,120.0,100.0,600.0,1000.0,41.6,41.6,16598.47872,29450.47862,0.0
250,715.146865,250.0,105.0,100.0,260.14686,0.0,250.0,105.0,100.0,600.0,1000.0,41.6,41.6,13432.109376,29750.109567,0.0
251,722.896452,300.0,105.0,100.0,217.89645,0.0,300.0,105.0,100.0,600.0,1000.0,41.6,41.6,11724.49232,30072.492403,0.0
252,718.446928,375.0,90.0,100.0,153.44693,0.0,375.0,90.0,100.0,600.0,1000.0,41.6,41.6,9088.392288,29887.392213,0.0
253,705.589658,450.0,90.0,100.0,65.589658,0.0,450.0,90.0,100.0,600.0,1000.0,41.6,41.6,5508.529773,29352.529789,0.0
254,692.380135,350.0,90.0,100.0,152.38013,0.0,350.0,90.0,100.0,600.0,1000.0,41.6,41.6,9019.013408,28803.013599,0.0
255,687.170483,300.0,75.0,100.0,212.17048,0.0,300.0,75.0,100.0,600.0,1000.0,41.6,41.6,11426.291968,28586.292109,0.0
256,694.753214,250.0,75.0,100.0,269.75321,0.0,250.0,75.0,100.0,600.0,1000.0,41.6,41.6,13771.733536,28901.733694,0.0
257,723.841976,200.0,60.0,100.0,363.84198,0.0,200.0,60.0,100.0,600.0,1000.0,41.6,41.6,17605.826368,30111.826193,0.0
258,719.327563,150.0,45.0,100.0,424.32756,0.0,150.0,45.0,100.0,600.0,1000.0,41.6,41.6,20042.026496,29924.026629,0.0
259,699.202738,50.0,60.0,100.0,489.20274,0.0,50.0,60.0,100.0,600.0,1000.0,41.6,41.6,22670.833984,29086.833884,0.0
260,661.11296,0.0,60.0,100.0,501.11296,0.0,0.0,60.0,100.0,600.0,1000.0,41.6,41.6,23116.299136,27502.299128,0.0
261,633.04388,0.0,90.0,100.0,443.04388,0.0,0.0,90.0,100.0,600.0,1000.0,41.6,41.6,20760.625408,26334.625425,0.0
262,618.249214,0.0,120.0,100.0,398.24921,0.0,0.0,120.0,100.0,600.0,1000.0,41.6,41.6,18957.167136,25719.167286,0.0
263,586.592706,0.0,150.0,100.0,336.59271,0.0,0.0,150.0,100.0,600.0,1000.0,41.6,41.6,16452.256736,24402.25657,0.0
264,557.021912,0.0,225.0,100.0,232.02191,0.0,0.0,225.0,100.0,600.0,1000.0,41.6,41.6,12252.111456,23172.111556,0.0
265,534.320071,0.0,180.0,100.0,254.32007,0.0,0.0,180.0,100.0,600.0,1000.0,41.6,41.6,13089.714912,22227.714937,0.0
266,517.99588,0.0,150.0,100.0,267.99588,0.0,0.0,150.0,100.0,600.0,1000.0,41.6,41.6,13598.628608,21548.628616,0.0
267,512.545214,0.0,135.0,100.0,277.54521,0.0,0.0,135.0,100.0,600.0,1000.0,41.6,41.6,13965.880736,21321.880894,0.0
268,510.172135,0.0,135.0,100.0,275.17213,0.0,0.0,135.0,100.0,600.0,1000.0,41.6,41.6,13867.160608,21223.160799,0.0
269,503.108515,0.0,135.0,100.0,268.10852,0.0,0.0,135.0,100.0,600.0,1000.0,41.6,41.6,13573.314432,20929.314232,0.0
270,500.355373,0.0,120.0,100.0,280.35537,0.0,0.0,120.0,100.0,600.0,1000.0,41.6,41.6,14052.783392,20814.7835,0.0
271,531.390801,50.0,120.0,100.0,261.3908,0.0,50.0,120.0,100.0,600.0,1000.0,41.6,41.6,13313.85728,22105.857322,0.0
272,565.985849,100.0,120.0,100.0,245.98585,0.0,100.0,120.0,100.0,600.0,1000.0,41.6,41.6,12723.01136,23545.01131,0.0
273,590.652896,150.0,120.0,100.0,220.6529,0.0,150.0,120.0,100.0,600.0,1000.0,41.6,41.6,11719.16064,24571.16049,0.0
274,607.996769,250.0,105.0,100.0,152.99677,0.0,250.0,105.0,100.0,600.0,1000.0,41.6,41.6,8974.665632,25292.665607,0.0
275,617.405658,300.0,105.0,100.0,112.40566,0.0,300.0,105.0,100.0,600.0,1000.0,41.6,41.6,7336.075456,25684.075373,0.0
276,613.577214,375.0,90.0,100.0,48.577214,0.0,375.0,90.0,100.0,600.0,1000.0,41.6,41.6,4725.812102,25524.812102,0.0
277,596.418737,450.0,90.0,56.418737,0.0,0.0,450.0,90.0,100.0,600.0,1000.0,21.5,21.5,1843.002846,12823.002854,0.0
278,584.145468,350.0,90.0,100.0,44.145468,0.0,350.0,90.0,100.0,600.0,1000.0,41.6,41.6,4516.451469,24300.451469,0.0
279,583.255563,300.0,75.0,100.0,108.25556,0.0,300.0,75.0,100.0,600.0,1000.0,41.6,41.6,7103.431296,24263.431421,0.0
280,593.202103,250.0,75.0,100.0,168.2021,0.0,250.0,75.0,100.0,600.0,1000.0,41.6,41.6,9547.20736,24677.207468,0.0
281,634.035754,200.0,60.0,100.0,274.03575,0.0,200.0,60.0,100.0,600.0,1000.0,41.6,41.6,13869.8872,26375.88735,0.0
282,642.350801,150.0,45.0,100.0,347.3508,0.0,150.0,45.0,100.0,600.0,1000.0,41.6,41.6,16839.79328,26721.793313,0.0
283,626.944325,50.0,60.0,100.0,416.94432,0.0,50.0,60.0,100.0,600.0,1000.0,41.6,41.6,19664.883712,26080.883912,0.0
284,591.357404,0.0,60.0,100.0,431.3574,0.0,0.0,60.0,100.0,600.0,1000.0,41.6,41.6,20214.46784,24600.468023,0.0
285,573.763246,0.0,90.0,100.0,383.76325,0.0,0.0,90.0,100.0,600.0,1000.0,41.6,41.6,18294.5512,23868.551017,0.0
286,575.505976,0.0,120.0,100.0,355.50598,0.0,0.0,120.0,100.0,600.0,1000.0,41.6,41.6,17179.048768,23941.048585,0.0
287,552.665087,0.0,150.0,100.0,302.66509,0.0,0.0,150.0,100.0,600.0,1000.0,41.6,41.6,15040.867744,22990.867611,0.0
288,527.089595,0.0,225.0,100.0,202.08959,0.0,0.0,225.0,100.0,600.0,1000.0,41.6,41.6,11006.926944,21926.927144,0.0
289,504.508261,0.0,180.0,100.0,224.50826,0.0,0.0,180.0,100.0,600.0,1000.0,41.6,41.6,11849.543616,20987.543666,0.0
290,493.189785,0.0,150.0,100.0,243.18979,0.0,0.0,150.0,100.0,600.0,1000.0,41.6,41.6,12566.695264,20516.695056,0.0
291,485.050865,0.0,135.0,100.0,250.05086,0.0,0.0,135.0,100.0,600.0,1000.0,41.6,41.6,12822.115776,20178.115976,0.0
292,481.092643,0.0,135.0,100.0,246.09264,0.0,0.0,135.0,100.0,600.0,1000.0,41.6,41.6,12657.453824,20013.453932,0.0
293,471.183182,0.0,135.0,100.0,236.18318,0.0,0.0,135.0,100.0,600.0,1000.0,41.6,41.6,12245.220288,19601.220363,0.0
294,458.066357,0.0,120.0,100.0,238.06636,0.0,0.0,120.0,100.0,600.0,1000.0,41.6,41.6,12293.560576,19055.560443,0.0
295,470.293277,50.0,120.0,100.0,200.29328,0.0,50.0,120.0,100.0,600.0,1000.0,41.6,41.6,10772.200448,19564.20034,0.0
296,491.465595,100.0,120.0,100.0,171.4656,0.0,100.0,120.0,100.0,600.0,1000.0,41.6,41.6,9622.96896,20444.968752,0.0
297,522.482483,150.0,120.0,100.0,152.48248,0.0,150.0,120.0,100.0,600.0,1000.0,41.6,41.6,8883.271168,21735.271309,0.0
298,550.013912,250.0,105.0,100.0,95.013912,0.0,250.0,105.0,100.0,600.0,1000.0,41.6,41.6,6562.578739,22880.578756,0.0
299,574.755119,300.0,105.0,100.0,69.755119,0.0,300.0,105.0,100.0,600.0,1000.0,41.6,41.6,5561.81295,23909.812942,0.0
300,578.16642,375.0,90.0,100.0,13.16642,0.0,375.0,90.0,100.0,600.0,1000.0,41.6,41.6,3252.723072,24051.723072,0.0
301,561.953468,450.0,90.0,21.953468,0.0,0.0,450.0,90.0,100.0,600.0,1000.0,21.5,21.5,1101.999562,12081.999558,0.0
302,548.020896,350.0,90.0,100.0,8.020896,0.0,350.0,90.0,100.0,600.0,1000.0,41.6,41.6,3013.669274,22797.669274,0.0
303,546.139118,300.0,75.0,100.0,71.139118,0.0,300.0,75.0,100.0,600.0,1000.0,41.6,41.6,5559.387309,22719.387325,0.0
304,560.396134,250.0,75.0,100.0,135.39613,0.0,250.0,75.0,100.0,600.0,1000.0,41.6,41.6,8182.479008,23312.479183,0.0
305,601.600579,200.0,60.0,100.0,241.60058,0.0,200.0,60.0,100.0,600.0,1000.0,41.6,41.6,12520.584128,25026.58407,0.0
306,617.192452,150.0,45.0,100.0,322.19245,0.0,150.0,45.0,100.0,600.0,1000.0,41.6,41.6,15793.20592,25675.205987,0.0
307,605.206547,50.0,60.0,100.0,395.20655,0.0,50.0,60.0,100.0,600.0,1000.0,41.6,41.6,18760.59248,25176.592347,0.0
308,582.912579,0.0,60.0,100.0,422.91258,0.0,0.0,60.0,100.0,600.0,1000.0,41.6,41.6,19863.163328,24249.163286,0.0
309,573.49442,0.0,90.0,100.0,383.49442,0.0,0.0,90.0,100.0,600.0,1000.0,41.6,41.6,18283.367872,23857.367889,0.0
310,580.789785,0.0,120.0,100.0,360.78978,0.0,0.0,120.0,100.0,600.0,1000.0,41.6,41.6,17398.854848,24160.855056,0.0
311,556.187626,0.0,150.0,100.0,306.18763,0.0,0.0,150.0,100.0,600.0,1000.0,41.6,41.6,15187.405408,23137.40525,0.0
312,530.139373,0.0,225.0,100.0,205.13937,0.0,0.0,225.0,100.0,600.0,1000.0,41.6,41.6,11133.797792,22053.7979,0.0
313,513.268261,0.0,180.0,100.0,233.26826,0.0,0.0,180.0,100.0,600.0,1000.0,41.6,41.6,12213.959616,21351.959666,0.0
314,504.406293,0.0,150.0,100.0,254.40629,0.0,0.0,150.0,100.0,600.0,1000.0,41.6,41.6,13033.301664,20983.301789,0.0
315,505.16642,0.0,135.0,100.0,270.16642,0.0,0.0,135.0,100.0,600.0,1000.0,41.6,41.6,13658.923072,21014.923089,0.0
316,518.0515,0.0,135.0,100.0,283.0515,0.0,0.0,135.0,100.0,600.0,1000.0,41.6,41.6,14194.9424,21550.942383,0.0
317,551.358039,0.0,135.0,100.0,316.35804,0.0,0.0,135.0,100.0,600.0,1000.0,41.6,41.6,15580.494464,22936.494422,0.0
318,630.921087,0.0,120.0,100.0,410.92109,0.0,0.0,120.0,100.0,600.0,1000.0,41.6,41.6,19484.317344,26246.317219,0.0
319,700.074103,50.0,120.0,100.0,430.0741,0.0,50.0,120.0,100.0,600.0,1000.0,41.6,41.6,20331.08256,29123.082668,0.0
320,725.362229,100.0,120.0,100.0,405.36223,0.0,100.0,120.0,100.0,600.0,1000.0,41.6,41.6,19353.068768,30175.068743,0.0
321,730.367944,150.0,120.0,100.0,360.36794,0.0,150.0,120.0,100.0,600.0,1000.0,41.6,41.6,17531.306304,30383.306479,0.0
322,740.889214,250.0,105.0,100.0,285.88921,0.0,250.0,105.0,100.0,600.0,1000.0,41.6,41.6,14502.991136,30820.991286,0.0
323,748.203119,300.0,105.0,100.0,243.20312,0.0,300.0,105.0,100.0,600.0,1000.0,41.6,41.6,12777.249792,31125.249742,0.0
324,745.422166,375.0,90.0,100.0,180.42217,0.0,375.0,90.0,100.0,600.0,1000.0,41.6,41.6,10210.562272,31009.562114,0.0
325,741.408325,450.0,90.0,100.0,101.40832,0.0,450.0,90.0,100.0,600.0,1000.0,41.6,41.6,6998.586112,30842.586303,0.0
326,733.046928,350.0,90.0,100.0,193.04693,0.0,350.0,90.0,100.0,600.0,1000.0,41.6,41.6,10710.752288,30494.752205,0.0
327,728.004134,300.0,75.0,100.0,253.00413,0.0,300.0,75.0,100.0,600.0,1000.0,41.6,41.6,13124.971808,30284.971991,0.0
328,723.628769,250.0,75.0,100.0,298.62877,0.0,250.0,75.0,100.0,600.0,1000.0,41.6,41.6,14972.956832,30102.956807,0.0
329,748.861277,200.0,60.0,100.0,388.86128,0.0,200.0,60.0,100.0,600.0,1000.0,41.6,41.6,18646.629248,31152.62914,0.0
330,748.805658,150.0,45.0,100.0,453.80566,0.0,150.0,45.0,100.0,600.0,1000.0,41.6,41.6,21268.315456,31150.315373,0.0
331,731.999436,50.0,60.0,100.0,521.99944,0.0,50.0,60.0,100.0,600.0,1000.0,41.6,41.6,24035.176704,30451.176538,0.0
332,698.155246,0.0,60.0,100.0,538.15525,0.0,0.0,60.0,100.0,600.0,1000.0,41.6,41.6,24657.2584,29043.258217,0.0
333,671.152198,0.0,90.0,100.0,481.1522,0.0,0.0,90.0,100.0,600.0,1000.0,41.6,41.6,22345.93152,27919.93142,0.0
334,652.250992,0.0,120.0,100.0,432.25099,0.0,0.0,120.0,100.0,600.0,1000.0,41.6,41.6,20371.641184,27133.641251,0.0
335,613.419626,0.0,150.0,100.0,363.41963,0.0,0.0,150.0,100.0,600.0,1000.0,41.6,41.6,17568.256608,25518.256458,0.0
336,588.715499,0.0,225.0,100.0,263.7155,0.0,0.0,225.0,100.0,600.0,1000.0,41.6,41.6,13570.5648,24490.564775,0.0
337,570.01823,0.0,180.0,100.0,290.01823,0.0,0.0,180.0,100.0,600.0,1000.0,41.6,41.6,14574.758368,23712.75836,0.0
338,561.063563,0.0,150.0,100.0,311.06356,0.0,0.0,150.0,100.0,600.0,1000.0,41.6,41.6,15390.244096,23340.244212,0.0
339,555.881722,0.0,135.0,100.0,320.88172,0.0,0.0,135.0,100.0,600.0,1000.0,41.6,41.6,15768.679552,23124.679619,0.0
340,564.549023,0.0,135.0,100.0,329.54902,0.0,0.0,135.0,100.0,600.0,1000.0,41.6,41.6,16129.239232,23485.239373,0.0
341,587.566039,0.0,135.0,100.0,352.56604,0.0,0.0,135.0,100.0,600.0,1000.0,41.6,41.6,17086.747264,24442.747231,0.0
342,654.976325,0.0,120.0,100.0,434.97632,0.0,0.0,120.0,100.0,600.0,1000.0,41.6,41.6,20485.014912,27247.015112,0.0
343,718.428388,50.0,120.0,100.0,448.42839,0.0,50.0,120.0,100.0,600.0,1000.0,41.6,41.6,21094.621024,29886.620949,0.0
344,734.520833,100.0,120.0,100.0,414.52083,0.0,100.0,120.0,100.0,600.0,1000.0,41.6,41.6,19734.066528,30556.066644,0.0
345,733.584579,150.0,120.0,100.0,363.58458,0.0,150.0,120.0,100.0,600.0,1000.0,41.6,41.6,17665.118528,30517.118486,0.0
346,741.788389,250.0,105.0,100.0,286.78839,0.0,250.0,105.0,100.0,600.0,1000.0,41.6,41.6,14540.397024,30858.396966,0.0
347,749.389658,300.0,105.0,100.0,244.38966,0.0,300.0,105.0,100.0,600.0,1000.0,41.6,41.6,12826.609856,31174.609789,0.0
348,745.598293,375.0,90.0,100.0,180.59829,0.0,375.0,90.0,100.0,600.0,1000.0,41.6,41.6,10217.888864,31016.888997,0.0
349,740.184706,450.0,90.0,100.0,100.18471,0.0,450.0,90.0,100.0,600.0,1000.0,41.6,41.6,6947.683936,30791.683753,0.0
350,732.268261,350.0,90.0,100.0,192.26826,0.0,350.0,90.0,100.0,600.0,1000.0,41.6,41.6,10678.359616,30462.359666,0.0
351,726.956642,300.0,75.0,100.0,251.95664,0.0,300.0,75.0,100.0,600.0,1000.0,41.6,41.6,13081.396224,30241.396324,0.0
352,726.428261,250.0,75.0,100.0,301.42826,0.0,250.0,75.0,100.0,600.0,1000.0,41.6,41.6,15089.415616,30219.415674,0.0
353,752.152071,200.0,60.0,100.0,392.15207,0.0,200.0,60.0,100.0,600.0,1000.0,41.6,41.6,18783.526112,31289.526154,0.0
354,751.920325,150.0,45.0,100.0,456.92032,0.0,150.0,45.0,100.0,600.0,1000.0,41.6,41.6,21397.885312,31279.885503,0.0
355,735.874229,50.0,60.0,100.0,525.87423,0.0,50.0,60.0,100.0,600.0,1000.0,41.6,41.6,24196.367968,30612.367943,0.0
356,702.632579,0.0,60.0,100.0,542.63258,0.0,0.0,60.0,100.0,600.0,1000.0,41.6,41.6,24843.515328,29229.515278,0.0
357,672.570484,0.0,90.0,100.0,482.57048,0.0,0.0,90.0,100.0,600.0,1000.0,41.6,41.6,22404.931968,27978.932118,0.0
358,651.583563,0.0,120.0,100.0,431.58356,0.0,0.0,120.0,100.0,600.0,1000.0,41.6,41.6,20343.876096,27105.876221,0.0
359,616.830928,0.0,150.0,100.0,366.83093,0.0,0.0,150.0,100.0,600.0,1000.0,41.6,41.6,17710.166688,25660.166613,0.0
360,588.734039,0.0,225.0,100.0,263.73404,0.0,0.0,225.0,100.0,600.0,1000.0,41.6,41.6,13571.336064,24491.336039,0.0
361,570.463182,0.0,180.0,100.0,290.46318,0.0,0.0,180.0,100.0,600.0,1000.0,41.6,41.6,14593.268288,23731.268371,0.0
362,558.551436,0.0,150.0,100.0,308.55144,0.0,0.0,150.0,100.0,600.0,1000.0,41.6,41.6,15285.739904,23235.739738,0.0
363,557.16096,0.0,135.0,100.0,322.16096,0.0,0.0,135.0,100.0,600.0,1000.0,41.6,41.6,15821.895936,23177.895936,0.0
364,565.105214,0.0,135.0,100.0,330.10521,0.0,0.0,135.0,100.0,600.0,1000.0,41.6,41.6,16152.376736,23508.376894,0.0
365,590.096706,0.0,135.0,100.0,355.09671,0.0,0.0,135.0,100.0,600.0,1000.0,41.6,41.6,17192.023136,24548.02297,0.0
366,655.467626,0.0,120.0,100.0,435.46763,0.0,0.0,120.0,100.0,600.0,1000.0,41.6,41.6,20505.453408,27267.453258,0.0
367,718.91042,50.0,120.0,100.0,448.91042,0.0,50.0,120.0,100.0,600.0,1000.0,41.6,41.6,21114.673472,29906.673489,0.0
368,735.614674,100.0,120.0,100.0,415.61467,0.0,100.0,120.0,100.0,600.0,1000.0,41.6,41.6,19779.570272,30601.570447,0.0
369,739.118674,150.0,120.0,100.0,369.11867,0.0,150.0,120.0,100.0,600.0,1000.0,41.6,41.6,17895.336672,30747.336847,0.0
370,748.638801,250.0,105.0,100.0,293.6388,0.0,250.0,105.0,100.0,600.0,1000.0,41.6,41.6,14825.37408,31143.374122,0.0
371,754.914484,300.0,105.0,100.0,249.91448,0.0,300.0,105.0,100.0,600.0,1000.0,41.6,41.6,13056.442368,31404.442518,0.0
372,749.26915,375.0,90.0,100.0,184.26915,0.0,375.0,90.0,100.0,600.0,1000.0,41.6,41.6,10370.59664,31169.596648,0.0
373,745.904198,450.0,90.0,100.0,105.9042,0.0,450.0,90.0,100.0,600.0,1000.0,41.6,41.6,7185.61472,31029.614628,0.0
374,735.559055,350.0,90.0,100.0,195.55905,0.0,350.0,90.0,100.0,600.0,1000.0,41.6,41.6,10815.25648,30599.25668,0.0
375,728.2915,300.0,75.0,100.0,253.2915,0.0,300.0,75.0,100.0,600.0,1000.0,41.6,41.6,13136.9264,30296.926383,0.0
376,725.742293,250.0,75.0,100.0,300.74229,0.0,250.0,75.0,100.0,600.0,1000.0,41.6,41.6,15060.879264,30190.879405,0.0
377,752.541404,200.0,60.0,100.0,392.5414,0.0,200.0,60.0,100.0,600.0,1000.0,41.6,41.6,18799.72224,31305.722423,0.0
378,752.76388,150.0,45.0,100.0,457.76388,0.0,150.0,45.0,100.0,600.0,1000.0,41.6,41.6,21432.977408,31314.977416,0.0
379,737.746738,50.0,60.0,100.0,527.74674,0.0,50.0,60.0,100.0,600.0,1000.0,41.6,41.6,24274.264384,30690.264284,0.0
380,699.786737,0.0,60.0,100.0,539.78674,0.0,0.0,60.0,100.0,600.0,1000.0,41.6,41.6,24725.128384,29111.128276,0.0
381,670.076896,0.0,90.0,100.0,480.0769,0.0,0.0,90.0,100.0,600.0,1000.0,41.6,41.6,22301.19904,27875.198882,0.0
382,654.142039,0.0,120.0,100.0,434.14204,0.0,0.0,120.0,100.0,600.0,1000.0,41.6,41.6,20450.308864,27212.308831,0.0
383,619.176198,0.0,150.0,100.0,369.1762,0.0,0.0,150.0,100.0,600.0,1000.0,41.6,41.6,17807.72992,25757.729837,0.0
384,589.716643,0.0,225.0,100.0,264.71664,0.0,0.0,225.0,100.0,600.0,1000.0,41.6,41.6,13612.212224,24532.212332,0.0
385,570.954484,0.0,180.0,100.0,290.95448,0.0,0.0,180.0,100.0,600.0,1000.0,41.6,41.6,14613.706368,23751.706518,0.0
386,560.359055,0.0,150.0,100.0,310.35905,0.0,0.0,150.0,100.0,600.0,1000.0,41.6,41.6,15360.93648,23310.93668,0.0
387,558.180643,0.0,135.0,100.0,323.18064,0.0,0.0,135.0,100.0,600.0,1000.0,41.6,41.6,15864.314624,23220.314732,0.0
388,561.313849,0.0,135.0,100.0,326.31385,0.0,0.0,135.0,100.0,600.0,1000.0,41.6,41.6,15994.65616,23350.656102,0.0
389,583.459499,0.0,135.0,100.0,348.4595,0.0,0.0,135.0,100.0,600.0,1000.0,41.6,41.6,16915.9152,24271.915175,0.0
390,648.923119,0.0,120.0,100.0,428.92312,0.0,0.0,120.0,100.0,600.0,1000.0,41.6,41.6,20233.201792,26995.201734,0.0
391,714.544325,50.0,120.0,100.0,444.54432,0.0,50.0,120.0,100.0,600.0,1000.0,41.6,41.6,20933.043712,29725.043912,0.0
392,731.934547,100.0,120.0,100.0,411.93455,0.0,100.0,120.0,100.0,600.0,1000.0,41.6,41.6,19626.47728,30448.477164,0.0
393,731.369087,150.0,120.0,100.0,361.36909,0.0,150.0,120.0,100.0,600.0,1000.0,41.6,41.6,17572.954144,30424.954011,0.0
394,736.625087,250.0,105.0,100.0,281.62509,0.0,250.0,105.0,100.0,600.0,1000.0,41.6,41.6,14325.603744,30643.603611,0.0
395,748.017722,300.0,105.0,100.0,243.01772,0.0,300.0,105.0,100.0,600.0,1000.0,41.6,41.6,12769.537152,31117.537227,0.0
396,741.538103,375.0,90.0,100.0,176.5381,0.0,375.0,90.0,100.0,600.0,1000.0,41.6,41.6,10048.98496,30847.985076,0.0
397,736.217214,450.0,90.0,100.0,96.217214,0.0,450.0,90.0,100.0,600.0,1000.0,41.6,41.6,6782.636102,30626.636102,0.0
398,728.541785,350.0,90.0,100.0,188.54179,0.0,350.0,90.0,100.0,600.0,1000.0,41.6,41.6,10523.338464,30307.338273,0.0
399,724.277658,300.0,75.0,100.0,249.27766,0.0,300.0,75.0,100.0,600.0,1000.0,41.6,41.6,12969.950656,30129.950573,0.0
400,720.616071,250.0,75.0,100.0,295.61607,0.0,250.0,75.0,100.0,600.0,1000.0,41.6,41.6,14847.628512,29977.628554,0.0
401,748.268008,200.0,60.0,100.0,388.26801,0.0,200.0,60.0,100.0,600.0,1000.0,41.6,41.6,18621.949216,31127.949116,0.0
402,751.846166,150.0,45.0,100.0,456.84617,0.0,150.0,45.0,100.0,600.0,1000.0,41.6,41.6,21394.800672,31276.800522,0.0
403,735.2995,50.0,60.0,100.0,525.2995,0.0,50.0,60.0,100.0,600.0,1000.0,41.6,41.6,24172.4592,30588.459183,0.0
404,698.49823,0.0,60.0,100.0,538.49823,0.0,0.0,60.0,100.0,600.0,1000.0,41.6,41.6,24671.526368,29057.526351,0.0
405,674.452261,0.0,90.0,100.0,484.45226,0.0,0.0,90.0,100.0,600.0,1000.0,41.6,41.6,22483.214016,28057.214066,0.0
406,656.366801,0.0,120.0,100.0,436.3668,0.0,0.0,120.0,100.0,600.0,1000.0,41.6,41.6,20542.85888,27304.858913,0.0
407,621.743944,0.0,150.0,100.0,371.74394,0.0,0.0,150.0,100.0,600.0,1000.0,41.6,41.6,17914.547904,25864.548079,0.0
408,591.728198,0.0,225.0,100.0,266.7282,0.0,0.0,225.0,100.0,600.0,1000.0,41.6,41.6,13695.89312,24615.893028,0.0
409,573.967182,0.0,180.0,100.0,293.96718,0.0,0.0,180.0,100.0,600.0,1000.0,41.6,41.6,14739.034688,23877.034771,0.0
410,561.79588,0.0,150.0,100.0,311.79588,0.0,0.0,150.0,100.0,600.0,1000.0,41.6,41.6,15420.708608,23370.708616,0.0
411,557.077531,0.0,135.0,100.0,322.07753,0.0,0.0,135.0,100.0,600.0,1000.0,41.6,41.6,15818.425248,23174.425298,0.0
412,561.86077,0.0,135.0,100.0,326.86077,0.0,0.0,135.0,100.0,600.0,1000.0,41.6,41.6,16017.408032,23373.408015,0.0
413,586.092134,0.0,135.0,100.0,351.09213,0.0,0.0,135.0,100.0,600.0,1000.0,41.6,41.6,17025.432608,24381.432791,0.0
414,651.286928,0.0,120.0,100.0,431.28693,0.0,0.0,120.0,100.0,600.0,1000.0,41.6,41.6,20331.536288,27093.536196,0.0
415,715.109785,50.0,120.0,100.0,445.10979,0.0,50.0,120.0,100.0,600.0,1000.0,41.6,41.6,20956.567264,29748.567064,0.0
416,733.788515,100.0,120.0,100.0,413.78852,0.0,100.0,120.0,100.0,600.0,1000.0,41.6,41.6,19703.602432,30525.602241,0.0
417,739.025975,150.0,120.0,100.0,369.02598,0.0,150.0,120.0,100.0,600.0,1000.0,41.6,41.6,17891.480768,30743.480577,0.0
418,746.710674,250.0,105.0,100.0,291.71067,0.0,250.0,105.0,100.0,600.0,1000.0,41.6,41.6,14745.163872,31063.164038,0.0
419,747.387373,300.0,105.0,100.0,242.38737,0.0,300.0,105.0,100.0,600.0,1000.0,41.6,41.6,12743.314592,31091.3147,0.0
420,739.619246,375.0,90.0,100.0,174.61925,0.0,375.0,90.0,100.0,600.0,1000.0,41.6,41.6,9969.1608,30768.160625,0.0
421,726.140896,450.0,90.0,100.0,86.140896,0.0,450.0,90.0,100.0,600.0,1000.0,41.6,41.6,6363.461274,30207.461282,0.0
422,712.949912,350.0,90.0,100.0,172.94991,0.0,350.0,90.0,100.0,600.0,1000.0,41.6,41.6,9874.716256,29658.716356,0.0
423,704.097214,300.0,75.0,100.0,229.09721,0.0,300.0,75.0,100.0,600.0,1000.0,41.6,41.6,12130.443936,29290.444086,0.0
424,707.638293,250.0,75.0,100.0,282.63829,0.0,250.0,75.0,100.0,600.0,1000.0,41.6,41.6,14307.752864,29437.752989,0.0
425,735.039944,200.0,60.0,100.0,375.03994,0.0,200.0,60.0,100.0,600.0,1000.0,41.6,41.6,18071.661504,30577.661662,0.0
426,731.563753,150.0,45.0,100.0,436.56375,0.0,150.0,45.0,100.0,600.0,1000.0,41.6,41.6,20551.052,30433.052133,0.0
427,710.78077,50.0,60.0,100.0,500.78077,0.0,50.0,60.0,100.0,600.0,1000.0,41.6,41.6,23152.480032,29568.480015,0.0
428,675.879817,0.0,60.0,100.0,515.87982,0.0,0.0,60.0,100.0,600.0,1000.0,41.6,41.6,23730.600512,28116.600396,0.0
429,646.225595,0.0,90.0,100.0,456.22559,0.0,0.0,90.0,100.0,600.0,1000.0,41.6,41.6,21308.984544,26882.984744,0.0
430,636.251246,0.0,120.0,100.0,416.25125,0.0,0.0,120.0,100.0,600.0,1000.0,41.6,41.6,19706.052,26468.051825,0.0
431,605.382674,0.0,150.0,100.0,355.38267,0.0,0.0,150.0,100.0,600.0,1000.0,41.6,41.6,17233.919072,25183.91923,0.0
432,580.789785,0.0,225.0,100.0,255.78978,0.0,0.0,225.0,100.0,600.0,1000.0,41.6,41.6,13240.854848,24160.855056,0.0
433,559.50623,0.0,180.0,100.0,279.50623,0.0,0.0,180.0,100.0,600.0,1000.0,41.6,41.6,14137.459168,23275.45916,0.0
434,546.111309,0.0,150.0,100.0,296.11131,0.0,0.0,150.0,100.0,600.0,1000.0,41.6,41.6,14768.230496,22718.230454,0.0
435,533.652643,0.0,135.0,100.0,298.65264,0.0,0.0,135.0,100.0,600.0,1000.0,41.6,41.6,14843.949824,22199.949932,0.0
436,526.626103,0.0,135.0,100.0,291.6261,0.0,0.0,135.0,100.0,600.0,1000.0,41.6,41.6,14551.64576,21907.645868,0.0
437,519.293658,0.0,135.0,100.0,284.29366,0.0,0.0,135.0,100.0,600.0,1000.0,41.6,41.6,14246.616256,21602.616173,0.0
438,514.695817,0.0,120.0,100.0,294.69582,0.0,0.0,120.0,100.0,600.0,1000.0,41.6,41.6,14649.346112,21411.345996,0.0
439,547.427626,50.0,120.0,100.0,277.42763,0.0,50.0,120.0,100.0,600.0,1000.0,41.6,41.6,13980.989408,22772.98925,0.0
440,579.158293,100.0,120.0,100.0,259.15829,0.0,100.0,120.0,100.0,600.0,1000.0,41.6,41.6,13270.984864,24092.984997,0.0
441,609.822928,150.0,120.0,100.0,239.82293,0.0,150.0,120.0,100.0,600.0,1000.0,41.6,41.6,12516.633888,25368.633813,0.0
442,627.528325,250.0,105.0,100.0,172.52832,0.0,250.0,105.0,100.0,600.0,1000.0,41.6,41.6,9787.178112,26105.178303,0.0
443,638.364769,300.0,105.0,100.0,133.36477,0.0,300.0,105.0,100.0,600.0,1000.0,41.6,41.6,8207.974432,26555.974399,0.0
444,631.236262,375.0,90.0,100.0,66.236262,0.0,375.0,90.0,100.0,600.0,1000.0,41.6,41.6,5460.428499,26259.428483,0.0
445,615.51461,450.0,90.0,75.51461,0.0,0.0,450.0,90.0,100.0,600.0,1000.0,21.5,21.5,2253.564115,13233.564124,0.0
446,602.369975,350.0,90.0,100.0,62.369975,0.0,350.0,90.0,100.0,600.0,1000.0,41.6,41.6,5274.59096,25058.590977,0.0
447,603.816071,300.0,75.0,100.0,128.81607,0.0,300.0,75.0,100.0,600.0,1000.0,41.6,41.6,7958.748512,25118.748545,0.0
448,607.588896,250.0,75.0,100.0,182.5889,0.0,250.0,75.0,100.0,600.0,1000.0,41.6,41.6,10145.69824,25275.698074,0.0
449,648.292769,200.0,60.0,100.0,288.29277,0.0,200.0,60.0,100.0,600.0,1000.0,41.6,41.6,14462.979232,26968.979207,0.0
450,656.922992,150.0,45.0,100.0,361.92299,0.0,150.0,45.0,100.0,600.0,1000.0,41.6,41.6,17445.996384,27327.996459,0.0
451,635.806293,50.0,60.0,100.0,425.80629,0.0,50.0,60.0,100.0,600.0,1000.0,41.6,41.6,20033.541664,26449.541789,0.0
452,599.589023,0.0,60.0,100.0,439.58902,0.0,0.0,60.0,100.0,600.0,1000.0,41.6,41.6,20556.903232,24942.903373,0.0
453,585.693531,0.0,90.0,100.0,395.69353,0.0,0.0,90.0,100.0,600.0,1000.0,41.6,41.6,18790.850848,24364.85089,0.0
454,588.08515,0.0,120.0,100.0,368.08515,0.0,0.0,120.0,100.0,600.0,1000.0,41.6,41.6,17702.34224,24464.342248,0.0
455,569.230293,0.0,150.0,100.0,319.23029,0.0,0.0,150.0,100.0,600.0,1000.0,41.6,41.6,15729.980064,23679.980189,0.0
456,548.808833,0.0,225.0,100.0,223.80883,0.0,0.0,225.0,100.0,600.0,1000.0,41.6,41.6,11910.447328,22830.447444,0.0
457,530.612134,0.0,180.0,100.0,250.61213,0.0,0.0,180.0,100.0,600.0,1000.0,41.6,41.6,12935.464608,22073.464783,0.0
458,516.27169,0.0,150.0,100.0,266.27169,0.0,0.0,150.0,100.0,600.0,1000.0,41.6,41.6,13526.902304,21476.902312,0.0
459,506.380769,0.0,135.0,100.0,271.38077,0.0,0.0,135.0,100.0,600.0,1000.0,41.6,41.6,13709.440032,21065.440007,0.0
460,500.346103,0.0,135.0,100.0,265.3461,0.0,0.0,135.0,100.0,600.0,1000.0,41.6,41.6,13458.39776,20814.397868,0.0
461,493.977722,0.0,135.0,100.0,258.97772,0.0,0.0,135.0,100.0,600.0,1000.0,41.6,41.6,13193.473152,20549.473227,0.0
462,479.45188,0.0,120.0,100.0,259.45188,0.0,0.0,120.0,100.0,600.0,1000.0,41.6,41.6,13183.198208,19945.198216,0.0
463,492.707753,50.0,120.0,100.0,222.70775,0.0,50.0,120.0,100.0,600.0,1000.0,41.6,41.6,11704.6424,20496.642541,0.0
464,523.214801,100.0,120.0,100.0,203.2148,0.0,100.0,120.0,100.0,600.0,1000.0,41.6,41.6,10943.73568,21765.735713,0.0
465,553.582801,150.0,120.0,100.0,183.5828,0.0,150.0,120.0,100.0,600.0,1000.0,41.6,41.6,10177.04448,23029.04453,0.0
466,578.935817,250.0,105.0,100.0,123.93582,0.0,250.0,105.0,100.0,600.0,1000.0,41.6,41.6,7765.730112,24083.729979,0.0
467,600.94242,300.0,105.0,100.0,95.94242,0.0,300.0,105.0,100.0,600.0,1000.0,41.6,41.6,6651.204672,24999.204672,0.0
468,601.155626,375.0,90.0,100.0,36.155626,0.0,375.0,90.0,100.0,600.0,1000.0,41.6,41.6,4209.074042,25008.074058,0.0
469,586.055055,450.0,90.0,46.055055,0.0,0.0,450.0,90.0,100.0,600.0,1000.0,21.5,21.5,1620.183682,12600.183682,0.0
470,573.142166,350.0,90.0,100.0,33.142166,0.0,350.0,90.0,100.0,600.0,1000.0,41.6,41.6,4058.714106,23842.714122,0.0
471,565.828261,300.0,75.0,100.0,90.828261,0.0,300.0,75.0,100.0,600.0,1000.0,41.6,41.6,6378.455658,23538.455666,0.0
472,571.14915,250.0,75.0,100.0,146.14915,0.0,250.0,75.0,100.0,600.0,1000.0,41.6,41.6,8629.80464,23759.80464,0.0
473,612.464833,200.0,60.0,100.0,252.46483,0.0,200.0,60.0,100.0,600.0,1000.0,41.6,41.6,12972.536928,25478.537036,0.0
474,627.055563,150.0,45.0,100.0,332.05556,0.0,150.0,45.0,100.0,600.0,1000.0,41.6,41.6,16203.511296,26085.511421,0.0
475,614.35588,50.0,60.0,100.0,404.35588,0.0,50.0,60.0,100.0,600.0,1000.0,41.6,41.6,19141.204608,25557.204616,0.0
476,590.606547,0.0,60.0,100.0,430.60655,0.0,0.0,60.0,100.0,600.0,1000.0,41.6,41.6,20183.23248,24569.232355,0.0
477,583.719055,0.0,90.0,100.0,393.71906,0.0,0.0,90.0,100.0,600.0,1000.0,41.6,41.6,18708.712896,24282.712696,0.0
478,591.811627,0.0,120.0,100.0,371.81163,0.0,0.0,120.0,100.0,600.0,1000.0,41.6,41.6,17857.363808,24619.363667,0.0
479,569.156134,0.0,150.0,100.0,319.15613,0.0,0.0,150.0,100.0,600.0,1000.0,41.6,41.6,15726.895008,23676.895183,0.0
480,546.750928,0.0,225.0,100.0,221.75093,0.0,0.0,225.0,100.0,600.0,1000.0,41.6,41.6,11824.838688,22744.838613,0.0
481,529.305087,0.0,180.0,100.0,249.30509,0.0,0.0,180.0,100.0,600.0,1000.0,41.6,41.6,12881.091744,22019.091619,0.0
482,527.525277,0.0,150.0,100.0,277.52528,0.0,0.0,150.0,100.0,600.0,1000.0,41.6,41.6,13995.051648,21945.051523,0.0
483,526.459246,0.0,135.0,100.0,291.45925,0.0,0.0,135.0,100.0,600.0,1000.0,41.6,41.6,14544.7048,21900.704617,0.0
484,533.736071,0.0,135.0,100.0,298.73607,0.0,0.0,135.0,100.0,600.0,1000.0,41.6,41.6,14847.420512,22203.420545,0.0
485,564.131881,0.0,135.0,100.0,329.13188,0.0,0.0,135.0,100.0,600.0,1000.0,41.6,41.6,16111.886208,23467.886233,0.0
486,632.858483,0.0,120.0,100.0,412.85848,0.0,0.0,120.0,100.0,600.0,1000.0,41.6,41.6,19564.912768,26326.912909,0.0
487,696.282737,50.0,120.0,100.0,426.28274,0.0,50.0,120.0,100.0,600.0,1000.0,41.6,41.6,20173.361984,28965.361876,0.0
488,718.437658,100.0,120.0,100.0,398.43766,0.0,100.0,120.0,100.0,600.0,1000.0,41.6,41.6,19065.006656,29887.006581,0.0
489,720.458483,150.0,120.0,100.0,350.45848,0.0,150.0,120.0,100.0,600.0,1000.0,41.6,41.6,17119.072768,29971.072909,0.0
490,730.488452,250.0,105.0,100.0,275.48845,0.0,250.0,105.0,100.0,600.0,1000.0,41.6,41.6,14070.31952,30388.319595,0.0
491,739.674865,300.0,105.0,100.0,234.67486,0.0,300.0,105.0,100.0,600.0,1000.0,41.6,41.6,12422.474176,30770.474367,0.0
492,737.116388,375.0,90.0,100.0,172.11639,0.0,375.0,90.0,100.0,600.0,1000.0,41.6,41.6,9865.041824,30664.041757,0.0
493,733.278674,450.0,90.0,100.0,93.278674,0.0,450.0,90.0,100.0,600.0,1000.0,41.6,41.6,6660.392838,30504.39283,0.0
494,723.841976,350.0,90.0,100.0,183.84198,0.0,350.0,90.0,100.0,600.0,1000.0,41.6,41.6,10327.826368,30111.826193,0.0
495,715.41569,300.0,75.0,100.0,240.41569,0.0,300.0,75.0,100.0,600.0,1000.0,41.6,41.6,12601.292704,29761.292696,0.0
496,709.269785,250.0,75.0,100.0,284.26979,0.0,250.0,75.0,100.0,600.0,1000.0,41.6,41.6,14375.623264,29505.623073,0.0
497,737.311055,200.0,60.0,100.0,377.31105,0.0,200.0,60.0,100.0,600.0,1000.0,41.6,41.6,18166.13968,30672.13988,0.0
498,741.853277,150.0,45.0,100.0,446.85328,0.0,150.0,45.0,100.0,600.0,1000.0,41.6,41.6,20979.096448,30861.09634,0.0
499,727.058611,50.0,60.0,100.0,517.05861,0.0,50.0,60.0,100.0,600.0,1000.0,41.6,41.6,23829.638176,30245.638201,0.0
500,693.78915,0.0,60.0,100.0,533.78915,0.0,0.0,60.0,100.0,600.0,1000.0,41.6,41.6,24475.62864,28861.62864,0.0
501,667.064198,0.0,90.0,100.0,477.0642,0.0,0.0,90.0,100.0,600.0,1000.0,41.6,41.6,22175.87072,27749.870628,0.0
502,650.971753,0.0,120.0,100.0,430.97175,0.0,0.0,120.0,100.0,600.0,1000.0,41.6,41.6,20318.4248,27080.424933,0.0
503,615.208706,0.0,150.0,100.0,365.20871,0.0,0.0,150.0,100.0,600.0,1000.0,41.6,41.6,17642.682336,25592.682161,0.0
504,589.633214,0.0,225.0,100.0,264.63321,0.0,0.0,225.0,100.0,600.0,1000.0,41.6,41.6,13608.741536,24528.741694,0.0
505,572.048325,0.0,180.0,100.0,292.04832,0.0,0.0,180.0,100.0,600.0,1000.0,41.6,41.6,14659.210112,23797.21032,0.0
506,561.684643,0.0,150.0,100.0,311.68464,0.0,0.0,150.0,100.0,600.0,1000.0,41.6,41.6,15416.081024,23366.081132,0.0
507,559.626737,0.0,135.0,100.0,324.62674,0.0,0.0,135.0,100.0,600.0,1000.0,41.6,41.6,15924.472384,23280.472276,0.0
508,567.561722,0.0,135.0,100.0,332.56172,0.0,0.0,135.0,100.0,600.0,1000.0,41.6,41.6,16254.567552,23610.567627,0.0
509,590.346992,0.0,135.0,100.0,355.34699,0.0,0.0,135.0,100.0,600.0,1000.0,41.6,41.6,17202.434784,24558.434859,0.0
510,653.168706,0.0,120.0,100.0,433.16871,0.0,0.0,120.0,100.0,600.0,1000.0,41.6,41.6,20409.818336,27171.81817,0.0
511,716.908135,50.0,120.0,100.0,446.90813,0.0,50.0,120.0,100.0,600.0,1000.0,41.6,41.6,21031.378208,29823.378399,0.0
512,734.69696,100.0,120.0,100.0,414.69696,0.0,100.0,120.0,100.0,600.0,1000.0,41.6,41.6,19741.393536,30563.393528,0.0
513,740.314484,150.0,120.0,100.0,370.31448,0.0,150.0,120.0,100.0,600.0,1000.0,41.6,41.6,17945.082368,30797.082526,0.0
514,751.744198,250.0,105.0,100.0,296.7442,0.0,250.0,105.0,100.0,600.0,1000.0,41.6,41.6,14954.55872,31272.55862,0.0
515,757.639817,300.0,105.0,100.0,252.63982,0.0,300.0,105.0,100.0,600.0,1000.0,41.6,41.6,13169.816512,31517.816379,0.0
516,752.281849,375.0,90.0,100.0,187.28185,0.0,375.0,90.0,100.0,600.0,1000.0,41.6,41.6,10495.92496,31294.924902,0.0
517,749.760452,450.0,90.0,100.0,109.76045,0.0,450.0,90.0,100.0,600.0,1000.0,41.6,41.6,7346.03472,31190.034795,0.0
518,738.432706,350.0,90.0,100.0,198.43271,0.0,350.0,90.0,100.0,600.0,1000.0,41.6,41.6,10934.800736,30718.800553,0.0
519,732.574166,300.0,75.0,100.0,257.57417,0.0,300.0,75.0,100.0,600.0,1000.0,41.6,41.6,13315.085472,30475.085322,0.0
520,725.797912,250.0,75.0,100.0,300.79791,0.0,250.0,75.0,100.0,600.0,1000.0,41.6,41.6,15063.193056,30193.193148,0.0
521,750.576198,200.0,60.0,100.0,390.5762,0.0,200.0,60.0,100.0,600.0,1000.0,41.6,41.6,18717.96992,31223.969837,0.0
522,753.264452,150.0,45.0,100.0,458.26445,0.0,150.0,45.0,100.0,600.0,1000.0,41.6,41.6,21453.80112,31335.801195,0.0
523,737.385214,50.0,60.0,100.0,527.38521,0.0,50.0,60.0,100.0,600.0,1000.0,41.6,41.6,24259.224736,30675.224886,0.0
524,701.501658,0.0,60.0,100.0,541.50166,0.0,0.0,60.0,100.0,600.0,1000.0,41.6,41.6,24796.469056,29182.468973,0.0
525,675.564643,0.0,90.0,100.0,485.56464,0.0,0.0,90.0,100.0,600.0,1000.0,41.6,41.6,22529.489024,28103.489132,0.0
526,656.172134,0.0,120.0,100.0,436.17213,0.0,0.0,120.0,100.0,600.0,1000.0,41.6,41.6,20534.760608,27296.760791,0.0
527,623.356896,0.0,150.0,100.0,373.3569,0.0,0.0,150.0,100.0,600.0,1000.0,41.6,41.6,17981.64704,25931.646874,0.0
528,602.314357,0.0,225.0,100.0,277.31436,0.0,0.0,225.0,100.0,600.0,1000.0,41.6,41.6,14136.277376,25056.277235,0.0
529,583.190674,0.0,180.0,100.0,303.19067,0.0,0.0,180.0,100.0,600.0,1000.0,41.6,41.6,15122.731872,24260.732047,0.0
530,572.205912,0.0,150.0,100.0,322.20591,0.0,0.0,150.0,100.0,600.0,1000.0,41.6,41.6,15853.765856,23803.765939,0.0
531,569.601087,0.0,135.0,100.0,334.60109,0.0,0.0,135.0,100.0,600.0,1000.0,41.6,41.6,16339.405344,23695.405219,0.0
532,577.239436,0.0,135.0,100.0,342.23944,0.0,0.0,135.0,100.0,600.0,1000.0,41.6,41.6,16657.160704,24013.160546,0.0
533,603.074483,0.0,135.0,100.0,368.07448,0.0,0.0,135.0,100.0,600.0,1000.0,41.6,41.6,17731.898368,25087.898509,0.0
534,667.611119,0.0,120.0,100.0,447.61112,0.0,0.0,120.0,100.0,600.0,1000.0,41.6,41.6,21010.622592,27772.622542,0.0
535,728.022674,50.0,120.0,100.0,458.02267,0.0,50.0,120.0,100.0,600.0,1000.0,41.6,41.6,21493.743072,30285.74323,0.0
536,743.744325,100.0,120.0,100.0,423.74433,0.0,100.0,120.0,100.0,600.0,1000.0,41.6,41.6,20117.764128,30939.76392,0.0
537,744.161468,150.0,120.0,100.0,374.16147,0.0,150.0,120.0,100.0,600.0,1000.0,41.6,41.6,18105.117152,30957.11706,0.0
538,750.094166,250.0,105.0,100.0,295.09417,0.0,250.0,105.0,100.0,600.0,1000.0,41.6,41.6,14885.917472,31203.917322,0.0
539,757.009468,300.0,105.0,100.0,252.00947,0.0,300.0,105.0,100.0,600.0,1000.0,41.6,41.6,13143.593952,31491.593852,0.0
540,754.413912,375.0,90.0,100.0,189.41391,0.0,375.0,90.0,100.0,600.0,1000.0,41.6,41.6,10584.618656,31383.618739,0.0
541,749.176452,450.0,90.0,100.0,109.17645,0.0,450.0,90.0,100.0,600.0,1000.0,41.6,41.6,7321.74032,31165.740403,0.0
542,739.406039,350.0,90.0,100.0,199.40604,0.0,350.0,90.0,100.0,600.0,1000.0,41.6,41.6,10975.291264,30759.291239,0.0
543,734.798928,300.0,75.0,100.0,259.79893,0.0,300.0,75.0,100.0,600.0,1000.0,41.6,41.6,13407.635488,30567.635405,0.0
544,730.812896,250.0,75.0,100.0,305.8129,0.0,250.0,75.0,100.0,600.0,1000.0,41.6,41.6,15271.81664,30401.81649,0.0
545,758.177468,200.0,60.0,100.0,398.17747,0.0,200.0,60.0,100.0,600.0,1000.0,41.6,41.6,19034.182752,31540.18266,0.0
546,761.755627,150.0,45.0,100.0,466.75563,0.0,150.0,45.0,100.0,600.0,1000.0,41.6,41.6,21807.034208,31689.034067,0.0
547,745.449976,50.0,60.0,100.0,535.44998,0.0,50.0,60.0,100.0,600.0,1000.0,41.6,41.6,24594.719168,31010.718985,0.0
548,709.844515,0.0,60.0,100.0,549.84452,0.0,0.0,60.0,100.0,600.0,1000.0,41.6,41.6,25143.532032,29529.531832,0.0
549,685.61315,0.0,90.0,100.0,495.61315,0.0,0.0,90.0,100.0,600.0,1000.0,41.6,41.6,22947.50704,28521.507057,0.0
550,670.253023,0.0,120.0,100.0,450.25302,0.0,0.0,120.0,100.0,600.0,1000.0,41.6,41.6,21120.525632,27882.525765,0.0
551,632.793595,0.0,150.0,100.0,382.79359,0.0,0.0,150.0,100.0,600.0,1000.0,41.6,41.6,18374.213344,26324.213535,0.0
552,607.34788,0.0,225.0,100.0,282.34788,0.0,0.0,225.0,100.0,600.0,1000.0,41.6,41.6,14345.671808,25265.671816,0.0
553,587.668007,0.0,180.0,100.0,307.66801,0.0,0.0,180.0,100.0,600.0,1000.0,41.6,41.6,15308.989216,24446.989108,0.0
554,577.248706,0.0,150.0,100.0,327.24871,0.0,0.0,150.0,100.0,600.0,1000.0,41.6,41.6,16063.546336,24013.546153,0.0
555,573.716896,0.0,135.0,100.0,338.7169,0.0,0.0,135.0,100.0,600.0,1000.0,41.6,41.6,16510.62304,23866.622882,0.0
556,579.723754,0.0,135.0,100.0,344.72375,0.0,0.0,135.0,100.0,600.0,1000.0,41.6,41.6,16760.508,24116.50815,0.0
557,600.719944,0.0,135.0,100.0,365.71994,0.0,0.0,135.0,100.0,600.0,1000.0,41.6,41.6,17633.949504,24989.949679,0.0
558,665.256579,0.0,120.0,100.0,445.25658,0.0,0.0,120.0,100.0,600.0,1000.0,41.6,41.6,20912.673728,27674.673686,0.0
559,730.099118,50.0,120.0,100.0,460.09912,0.0,50.0,120.0,100.0,600.0,1000.0,41.6,41.6,21580.123392,30372.123325,0.0
560,749.065214,100.0,120.0,100.0,429.06521,0.0,100.0,120.0,100.0,600.0,1000.0,41.6,41.6,20339.112736,31161.112894,0.0
561,749.463817,150.0,120.0,100.0,379.46382,0.0,150.0,120.0,100.0,600.0,1000.0,41.6,41.6,18325.694912,31177.694796,0.0
562,753.755753,250.0,105.0,100.0,298.75575,0.0,250.0,105.0,100.0,600.0,1000.0,41.6,41.6,15038.2392,31356.239341,0.0
563,760.36515,300.0,105.0,100.0,255.36515,0.0,300.0,105.0,100.0,600.0,1000.0,41.6,41.6,13283.19024,31631.19024,0.0
564,759.80896,375.0,90.0,100.0,194.80896,0.0,375.0,90.0,100.0,600.0,1000.0,41.6,41.6,10809.052736,31608.052719,0.0
565,755.609722,450.0,90.0,100.0,115.60972,0.0,450.0,90.0,100.0,600.0,1000.0,41.6,41.6,7589.364352,31433.364419,0.0
566,746.265722,350.0,90.0,100.0,206.26572,0.0,350.0,90.0,100.0,600.0,1000.0,41.6,41.6,11260.653952,31044.654027,0.0
567,739.146484,300.0,75.0,100.0,264.14648,0.0,300.0,75.0,100.0,600.0,1000.0,41.6,41.6,13588.493568,30748.493718,0.0
568,732.129214,250.0,75.0,100.0,307.12921,0.0,250.0,75.0,100.0,600.0,1000.0,41.6,41.6,15326.575136,30456.575286,0.0
569,760.874992,200.0,60.0,100.0,400.87499,0.0,200.0,60.0,100.0,600.0,1000.0,41.6,41.6,19146.399584,31652.399651,0.0
570,763.859881,150.0,45.0,100.0,468.85988,0.0,150.0,45.0,100.0,600.0,1000.0,41.6,41.6,21894.571008,31776.571033,0.0
571,747.220516,50.0,60.0,100.0,537.22052,0.0,50.0,60.0,100.0,600.0,1000.0,41.6,41.6,24668.373632,31084.373449,0.0
572,709.779626,0.0,60.0,100.0,549.77963,0.0,0.0,60.0,100.0,600.0,1000.0,41.6,41.6,25140.832608,29526.832458,0.0
573,682.934166,0.0,90.0,100.0,492.93417,0.0,0.0,90.0,100.0,600.0,1000.0,41.6,41.6,22836.061472,28410.061306,0.0
574,667.954103,0.0,120.0,100.0,447.9541,0.0,0.0,120.0,100.0,600.0,1000.0,41.6,41.6,21024.89056,27786.890676,0.0
575,635.657975,0.0,150.0,100.0,385.65798,0.0,0.0,150.0,100.0,600.0,1000.0,41.6,41.6,18493.371968,26443.371777,0.0
576,608.497341,0.0,225.0,100.0,283.49734,0.0,0.0,225.0,100.0,600.0,1000.0,41.6,41.6,14393.489344,25313.489386,0.0
577,588.798928,0.0,180.0,100.0,308.79893,0.0,0.0,180.0,100.0,600.0,1000.0,41.6,41.6,15356.035488,24494.035413,0.0
578,576.803753,0.0,150.0,100.0,326.80375,0.0,0.0,150.0,100.0,600.0,1000.0,41.6,41.6,16045.036,23995.036141,0.0
579,572.845531,0.0,135.0,100.0,337.84553,0.0,0.0,135.0,100.0,600.0,1000.0,41.6,41.6,16474.374048,23830.374098,0.0
580,580.094547,0.0,135.0,100.0,345.09455,0.0,0.0,135.0,100.0,600.0,1000.0,41.6,41.6,16775.93328,24131.933155,0.0
581,601.823055,0.0,135.0,100.0,366.82306,0.0,0.0,135.0,100.0,600.0,1000.0,41.6,41.6,17679.839296,25035.839088,0.0
582,663.346991,0.0,120.0,100.0,443.34699,0.0,0.0,120.0,100.0,600.0,1000.0,41.6,41.6,20833.234784,27595.234842,0.0
583,730.238166,50.0,120.0,100.0,460.23817,0.0,50.0,120.0,100.0,600.0,1000.0,41.6,41.6,21585.907872,30377.907706,0.0
584,748.416325,100.0,120.0,100.0,428.41632,0.0,100.0,120.0,100.0,600.0,1000.0,41.6,41.6,20312.118912,31134.119103,0.0
585,750.770864,150.0,120.0,100.0,380.77086,0.0,150.0,120.0,100.0,600.0,1000.0,41.6,41.6,18380.067776,31232.067959,0.0
586,754.858865,250.0,105.0,100.0,299.85886,0.0,250.0,105.0,100.0,600.0,1000.0,41.6,41.6,15084.128576,31402.128776,0.0
587,758.427754,300.0,105.0,100.0,253.42775,0.0,300.0,105.0,100.0,600.0,1000.0,41.6,41.6,13202.5944,31550.59455,0.0
588,753.598166,375.0,90.0,100.0,188.59817,0.0,375.0,90.0,100.0,600.0,1000.0,41.6,41.6,10550.683872,31349.683722,0.0
589,741.964516,450.0,90.0,100.0,101.96452,0.0,450.0,90.0,100.0,600.0,1000.0,41.6,41.6,7021.724032,30865.723849,0.0
590,731.563753,350.0,90.0,100.0,191.56375,0.0,350.0,90.0,100.0,600.0,1000.0,41.6,41.6,10649.052,30433.052133,0.0
591,724.036642,300.0,75.0,100.0,249.03664,0.0,300.0,75.0,100.0,600.0,1000.0,41.6,41.6,12959.924224,30119.924316,0.0
592,721.802611,250.0,75.0,100.0,296.80261,0.0,250.0,75.0,100.0,600.0,1000.0,41.6,41.6,14896.988576,30026.988601,0.0
593,749.380388,200.0,60.0,100.0,389.38039,0.0,200.0,60.0,100.0,600.0,1000.0,41.6,41.6,18668.224224,31174.224157,0.0
594,750.344452,150.0,45.0,100.0,455.34445,0.0,150.0,45.0,100.0,600.0,1000.0,41.6,41.6,21332.32912,31214.329187,0.0
595,729.135055,50.0,60.0,100.0,519.13506,0.0,50.0,60.0,100.0,600.0,1000.0,41.6,41.6,23916.018496,30332.018296,0.0
596,690.127563,0.0,60.0,100.0,530.12756,0.0,0.0,60.0,100.0,600.0,1000.0,41.6,41.6,24323.306496,28709.306621,0.0
597,663.893912,0.0,90.0,100.0,473.89391,0.0,0.0,90.0,100.0,600.0,1000.0,41.6,41.6,22043.986656,27617.986756,0.0
598,653.317023,0.0,120.0,100.0,433.31702,0.0,0.0,120.0,100.0,600.0,1000.0,41.6,41.6,20415.988032,27177.988157,0.0
599,629.196896,0.0,150.0,100.0,379.1969,0.0,0.0,150.0,100.0,600.0,1000.0,41.6,41.6,18224.59104,26174.59089,0.0
600,600.599436,0.0,225.0,100.0,275.59944,0.0,0.0,225.0,100.0,600.0,1000.0,41.6,41.6,14064.936704,24984.936538,0.0
601,575.607944,0.0,180.0,100.0,295.60794,0.0,0.0,180.0,100.0,600.0,1000.0,41.6,41.6,14807.290304,23945.290462,0.0
602,558.699754,0.0,150.0,100.0,308.69975,0.0,0.0,150.0,100.0,600.0,1000.0,41.6,41.6,15291.9096,23241.90975,0.0
603,548.660515,0.0,135.0,100.0,313.66052,0.0,0.0,135.0,100.0,600.0,1000.0,41.6,41.6,15468.277632,22824.277432,0.0
604,543.246928,0.0,135.0,100.0,308.24693,0.0,0.0,135.0,100.0,600.0,1000.0,41.6,41.6,15243.072288,22599.072213,0.0
605,533.606293,0.0,135.0,100.0,298.60629,0.0,0.0,135.0,100.0,600.0,1000.0,41.6,41.6,14842.021664,22198.021797,0.0
606,523.743182,0.0,120.0,100.0,303.74318,0.0,0.0,120.0,100.0,600.0,1000.0,41.6,41.6,15025.716288,21787.716363,0.0
607,553.786738,50.0,120.0,100.0,283.78674,0.0,50.0,120.0,100.0,600.0,1000.0,41.6,41.6,14245.528384,23037.528284,0.0
608,585.610103,100.0,120.0,100.0,265.6101,0.0,100.0,120.0,100.0,600.0,1000.0,41.6,41.6,13539.38016,24361.380276,0.0
609,618.777595,150.0,120.0,100.0,248.77759,0.0,150.0,120.0,100.0,600.0,1000.0,41.6,41.6,12889.147744,25741.147935,0.0
610,640.283626,250.0,105.0,100.0,185.28363,0.0,250.0,105.0,100.0,600.0,1000.0,41.6,41.6,10317.799008,26635.79885,0.0
611,643.759817,300.0,105.0,100.0,138.75982,0.0,300.0,105.0,100.0,600.0,1000.0,41.6,41.6,8432.408512,26780.408379,0.0
612,637.882738,375.0,90.0,100.0,72.882738,0.0,375.0,90.0,100.0,600.0,1000.0,41.6,41.6,5736.921901,26535.921884,0.0
613,623.11588,450.0,90.0,83.11588,0.0,0.0,450.0,90.0,100.0,600.0,1000.0,21.5,21.5,2416.99142,13396.991424,0.0
614,610.28642,350.0,90.0,100.0,70.28642,0.0,350.0,90.0,100.0,600.0,1000.0,41.6,41.6,5603.915072,25387.915089,0.0
615,601.952833,300.0,75.0,100.0,126.95283,0.0,300.0,75.0,100.0,600.0,1000.0,41.6,41.6,7881.237728,25041.237836,0.0
616,602.991055,250.0,75.0,100.0,177.99106,0.0,250.0,75.0,100.0,600.0,1000.0,41.6,41.6,9954.428096,25084.427896,0.0
617,643.787626,200.0,60.0,100.0,283.78763,0.0,200.0,60.0,100.0,600.0,1000.0,41.6,41.6,14275.565408,26781.56525,0.0
618,656.737595,150.0,45.0,100.0,361.73759,0.0,150.0,45.0,100.0,600.0,1000.0,41.6,41.6,17438.283744,27320.283944,0.0
619,634.693912,50.0,60.0,100.0,424.69391,0.0,50.0,60.0,100.0,600.0,1000.0,41.6,41.6,19987.266656,26403.266748,0.0
620,595.018991,0.0,60.0,100.0,435.01899,0.0,0.0,60.0,100.0,600.0,1000.0,41.6,41.6,20366.789984,24752.790042,0.0
621,575.283499,0.0,90.0,100.0,385.2835,0.0,0.0,90.0,100.0,600.0,1000.0,41.6,41.6,18357.7936,23931.793567,0.0
622,579.213912,0.0,120.0,100.0,359.21391,0.0,0.0,120.0,100.0,600.0,1000.0,41.6,41.6,17333.298656,24095.298739,0.0
623,559.255944,0.0,150.0,100.0,309.25594,0.0,0.0,150.0,100.0,600.0,1000.0,41.6,41.6,15315.047104,23265.04727,0.0
624,537.29569,0.0,225.0,100.0,212.29569,0.0,0.0,225.0,100.0,600.0,1000.0,41.6,41.6,11431.500704,22351.500712,0.0
625,517.727055,0.0,180.0,100.0,237.72706,0.0,0.0,180.0,100.0,600.0,1000.0,41.6,41.6,12399.445696,21537.445488,0.0
626,503.952071,0.0,150.0,100.0,253.95207,0.0,0.0,150.0,100.0,600.0,1000.0,41.6,41.6,13014.406112,20964.406145,0.0
627,495.82242,0.0,135.0,100.0,260.82242,0.0,0.0,135.0,100.0,600.0,1000.0,41.6,41.6,13270.212672,20626.212672,0.0
628,491.71588,0.0,135.0,100.0,256.71588,0.0,0.0,135.0,100.0,600.0,1000.0,41.6,41.6,13099.380608,20455.380616,0.0
629,486.46915,0.0,135.0,100.0,251.46915,0.0,0.0,135.0,100.0,600.0,1000.0,41.6,41.6,12881.11664,20237.116648,0.0
630,474.511055,0.0,120.0,100.0,254.51105,0.0,0.0,120.0,100.0,600.0,1000.0,41.6,41.6,12977.65968,19739.65988,0.0
631,490.102928,50.0,120.0,100.0,220.10293,0.0,50.0,120.0,100.0,600.0,1000.0,41.6,41.6,11596.281888,20388.281796,0.0
632,518.338865,100.0,120.0,100.0,198.33886,0.0,100.0,120.0,100.0,600.0,1000.0,41.6,41.6,10740.896576,21562.896776,0.0
633,550.384706,150.0,120.0,100.0,180.38471,0.0,150.0,120.0,100.0,600.0,1000.0,41.6,41.6,10044.003936,22896.003761,0.0
634,578.982166,250.0,105.0,100.0,123.98217,0.0,250.0,105.0,100.0,600.0,1000.0,41.6,41.6,7767.658272,24085.658114,0.0
635,605.197277,300.0,105.0,100.0,100.19728,0.0,300.0,105.0,100.0,600.0,1000.0,41.6,41.6,6828.206848,25176.20674,0.0
636,603.436007,375.0,90.0,100.0,38.436007,0.0,375.0,90.0,100.0,600.0,1000.0,41.6,41.6,4303.937891,25102.937908,0.0
637,583.700515,450.0,90.0,43.700515,0.0,0.0,450.0,90.0,100.0,600.0,1000.0,21.5,21.5,1569.561073,12549.561077,0.0
638,569.183944,350.0,90.0,100.0,29.183944,0.0,350.0,90.0,100.0,600.0,1000.0,41.6,41.6,3894.05207,23678.052079,0.0
639,558.89442,300.0,75.0,100.0,83.89442,0.0,300.0,75.0,100.0,600.0,1000.0,41.6,41.6,6090.007872,23250.007872,0.0
640,558.004516,250.0,75.0,100.0,133.00452,0.0,250.0,75.0,100.0,600.0,1000.0,41.6,41.6,8082.988032,23212.987849,0.0
641,594.657468,200.0,60.0,100.0,234.65747,0.0,200.0,60.0,100.0,600.0,1000.0,41.6,41.6,12231.750752,24737.750669,0.0
642,616.376706,150.0,45.0,100.0,321.37671,0.0,150.0,45.0,100.0,600.0,1000.0,41.6,41.6,15759.271136,25641.27097,0.0
643,605.586611,50.0,60.0,100.0,395.58661,0.0,50.0,60.0,100.0,600.0,1000.0,41.6,41.6,18776.402976,25192.403009,0.0
644,582.013404,0.0,60.0,100.0,422.0134,0.0,0.0,60.0,100.0,600.0,1000.0,41.6,41.6,19825.75744,24211.757606,0.0
645,570.361214,0.0,90.0,100.0,380.36121,0.0,0.0,90.0,100.0,600.0,1000.0,41.6,41.6,18153.026336,23727.026494,0.0
646,574.495563,0.0,120.0,100.0,354.49556,0.0,0.0,120.0,100.0,600.0,1000.0,41.6,41.6,17137.015296,23899.015421,0.0
647,548.855182,0.0,150.0,100.0,298.85518,0.0,0.0,150.0,100.0,600.0,1000.0,41.6,41.6,14882.375488,22832.37558,0.0
648,526.978357,0.0,225.0,100.0,201.97836,0.0,0.0,225.0,100.0,600.0,1000.0,41.6,41.6,11002.299776,21922.299635,0.0
649,513.296071,0.0,180.0,100.0,233.29607,0.0,0.0,180.0,100.0,600.0,1000.0,41.6,41.6,12215.116512,21353.116537,0.0
650,507.011119,0.0,150.0,100.0,257.01112,0.0,0.0,150.0,100.0,600.0,1000.0,41.6,41.6,13141.662592,21091.662534,0.0
651,507.5395,0.0,135.0,100.0,272.5395,0.0,0.0,135.0,100.0,600.0,1000.0,41.6,41.6,13757.6432,21113.643183,0.0
652,520.804642,0.0,135.0,100.0,285.80464,0.0,0.0,135.0,100.0,600.0,1000.0,41.6,41.6,14309.473024,21665.473116,0.0
653,551.29315,0.0,135.0,100.0,316.29315,0.0,0.0,135.0,100.0,600.0,1000.0,41.6,41.6,15577.79504,22933.795048,0.0
654,625.831944,0.0,120.0,100.0,405.83194,0.0,0.0,120.0,100.0,600.0,1000.0,41.6,41.6,19272.608704,26034.60887,0.0
655,695.318674,50.0,120.0,100.0,425.31867,0.0,50.0,120.0,100.0,600.0,1000.0,41.6,41.6,20133.256672,28925.256847,0.0
656,714.099373,100.0,120.0,100.0,394.09937,0.0,100.0,120.0,100.0,600.0,1000.0,41.6,41.6,18884.533792,29706.5339,0.0
657,718.650865,150.0,120.0,100.0,348.65086,0.0,150.0,120.0,100.0,600.0,1000.0,41.6,41.6,17043.875776,29895.875967,0.0
658,725.037785,250.0,105.0,100.0,270.03779,0.0,250.0,105.0,100.0,600.0,1000.0,41.6,41.6,13843.572064,30161.571873,0.0
659,733.816325,300.0,105.0,100.0,228.81632,0.0,300.0,105.0,100.0,600.0,1000.0,41.6,41.6,12178.758912,30526.759112,0.0
660,725.677404,375.0,90.0,100.0,160.6774,0.0,375.0,90.0,100.0,600.0,1000.0,41.6,41.6,9389.17984,30188.180006,0.0
661,723.999563,450.0,90.0,100.0,83.999563,0.0,450.0,90.0,100.0,600.0,1000.0,41.6,41.6,6274.381821,30118.381812,0.0
662,715.842103,350.0,90.0,100.0,175.8421,0.0,350.0,90.0,100.0,600.0,1000.0,41.6,41.6,9995.03136,29779.031468,0.0
663,707.406547,300.0,75.0,100.0,232.40655,0.0,300.0,75.0,100.0,600.0,1000.0,41.6,41.6,12268.11248,29428.112364,0.0
664,698.368452,250.0,75.0,100.0,273.36845,0.0,250.0,75.0,100.0,600.0,1000.0,41.6,41.6,13922.12752,29052.127603,0.0
665,724.898738,200.0,60.0,100.0,364.89874,0.0,200.0,60.0,100.0,600.0,1000.0,41.6,41.6,17649.787584,30155.787492,0.0
666,735.012134,150.0,45.0,100.0,440.01213,0.0,150.0,45.0,100.0,600.0,1000.0,41.6,41.6,20694.504608,30576.504791,0.0
667,720.161849,50.0,60.0,100.0,510.16185,0.0,50.0,60.0,100.0,600.0,1000.0,41.6,41.6,23542.73296,29958.73291,0.0
668,683.119563,0.0,60.0,100.0,523.11956,0.0,0.0,60.0,100.0,600.0,1000.0,41.6,41.6,24031.773696,28417.773821,0.0
669,656.99715,0.0,90.0,100.0,466.99715,0.0,0.0,90.0,100.0,600.0,1000.0,41.6,41.6,21757.08144,27331.08144,0.0
670,642.091246,0.0,120.0,100.0,422.09125,0.0,0.0,120.0,100.0,600.0,1000.0,41.6,41.6,19948.996,26710.995817,0.0
671,600.729214,0.0,150.0,100.0,350.72921,0.0,0.0,150.0,100.0,600.0,1000.0,41.6,41.6,17040.335136,24990.335286,0.0
672,563.974293,0.0,225.0,100.0,238.97429,0.0,0.0,225.0,100.0,600.0,1000.0,41.6,41.6,12541.330464,23461.330589,0.0
673,541.652515,0.0,180.0,100.0,261.65252,0.0,0.0,180.0,100.0,600.0,1000.0,41.6,41.6,13394.744832,22532.744632,0.0
674,532.957404,0.0,150.0,100.0,282.9574,0.0,0.0,150.0,100.0,600.0,1000.0,41.6,41.6,14221.02784,22171.028006,0.0
675,529.064071,0.0,135.0,100.0,294.06407,0.0,0.0,135.0,100.0,600.0,1000.0,41.6,41.6,14653.065312,22009.065337,0.0
676,535.330484,0.0,135.0,100.0,300.33048,0.0,0.0,135.0,100.0,600.0,1000.0,41.6,41.6,14913.747968,22269.748126,0.0
677,557.680071,0.0,135.0,100.0,322.68007,0.0,0.0,135.0,100.0,600.0,1000.0,41.6,41.6,15843.490912,23199.490954,0.0
678,622.874864,0.0,120.0,100.0,402.87486,0.0,0.0,120.0,100.0,600.0,1000.0,41.6,41.6,19149.594176,25911.594359,0.0
679,689.914357,50.0,120.0,100.0,419.91436,0.0,50.0,120.0,100.0,600.0,1000.0,41.6,41.6,19908.437376,28700.437235,0.0
680,709.445912,100.0,120.0,100.0,389.44591,0.0,100.0,120.0,100.0,600.0,1000.0,41.6,41.6,18690.949856,29512.949956,0.0
681,709.58496,150.0,120.0,100.0,339.58496,0.0,150.0,120.0,100.0,600.0,1000.0,41.6,41.6,16666.734336,29518.734336,0.0
682,716.713468,250.0,105.0,100.0,261.71347,0.0,250.0,105.0,100.0,600.0,1000.0,41.6,41.6,13497.280352,29815.280252,0.0
683,729.904452,300.0,105.0,100.0,224.90445,0.0,300.0,105.0,100.0,600.0,1000.0,41.6,41.6,12016.02512,30364.025203,0.0
684,727.355246,375.0,90.0,100.0,162.35525,0.0,375.0,90.0,100.0,600.0,1000.0,41.6,41.6,9458.9784,30257.978225,0.0
685,722.312452,450.0,90.0,100.0,82.312452,0.0,450.0,90.0,100.0,600.0,1000.0,41.6,41.6,6204.198003,30048.197987,0.0
686,715.628896,350.0,90.0,100.0,175.6289,0.0,350.0,90.0,100.0,600.0,1000.0,41.6,41.6,9986.16224,29770.162082,0.0
687,710.206039,300.0,75.0,100.0,235.20604,0.0,300.0,75.0,100.0,600.0,1000.0,41.6,41.6,12384.571264,29544.571231,0.0
688,705.098357,250.0,75.0,100.0,280.09836,0.0,250.0,75.0,100.0,600.0,1000.0,41.6,41.6,14202.091776,29332.091643,0.0
689,725.213912,200.0,60.0,100.0,365.21391,0.0,200.0,60.0,100.0,600.0,1000.0,41.6,41.6,17662.898656,30168.898756,0.0
690,729.848833,150.0,45.0,100.0,434.84883,0.0,150.0,45.0,100.0,600.0,1000.0,41.6,41.6,20479.711328,30361.711436,0.0
691,715.721595,50.0,60.0,100.0,505.72159,0.0,50.0,60.0,100.0,600.0,1000.0,41.6,41.6,23358.018144,29774.018352,0.0
692,678.660769,0.0,60.0,100.0,518.66077,0.0,0.0,60.0,100.0,600.0,1000.0,41.6,41.6,23846.288032,28232.287999,0.0
693,649.813023,0.0,90.0,100.0,459.81302,0.0,0.0,90.0,100.0,600.0,1000.0,41.6,41.6,21458.221632,27032.221757,0.0
694,627.593214,0.0,120.0,100.0,407.59321,0.0,0.0,120.0,100.0,600.0,1000.0,41.6,41.6,19345.877536,26107.877702,0.0
695,586.017976,0.0,150.0,100.0,336.01798,0.0,0.0,150.0,100.0,600.0,1000.0,41.6,41.6,16428.347968,24378.347785,0.0
696,549.383563,0.0,225.0,100.0,224.38356,0.0,0.0,225.0,100.0,600.0,1000.0,41.6,41.6,11934.356096,22854.356229,0.0
697,525.133658,0.0,180.0,100.0,245.13366,0.0,0.0,180.0,100.0,600.0,1000.0,41.6,41.6,12707.560256,21845.560189,0.0
698,512.313468,0.0,150.0,100.0,262.31347,0.0,0.0,150.0,100.0,600.0,1000.0,41.6,41.6,13362.240352,21312.240269,0.0
699,512.7955,0.0,135.0,100.0,277.7955,0.0,0.0,135.0,100.0,600.0,1000.0,41.6,41.6,13976.2928,21332.292783,0.0
700,522.278547,0.0,135.0,100.0,287.27855,0.0,0.0,135.0,100.0,600.0,1000.0,41.6,41.6,14370.78768,21726.787555,0.0
701,550.338356,0.0,135.0,100.0,315.33836,0.0,0.0,135.0,100.0,600.0,1000.0,41.6,41.6,15538.075776,22894.075626,0.0
702,615.588769,0.0,120.0,100.0,395.58877,0.0,0.0,120.0,100.0,600.0,1000.0,41.6,41.6,18846.492832,25608.492799,0.0
703,680.542547,50.0,120.0,100.0,410.54255,0.0,50.0,120.0,100.0,600.0,1000.0,41.6,41.6,19518.57008,28310.569947,0.0
704,696.356896,100.0,120.0,100.0,376.3569,0.0,100.0,120.0,100.0,600.0,1000.0,41.6,41.6,18146.44704,28968.446882,0.0
705,699.008071,150.0,120.0,100.0,329.00807,0.0,150.0,120.0,100.0,600.0,1000.0,41.6,41.6,16226.735712,29078.735737,0.0
706,704.264071,250.0,105.0,100.0,249.26407,0.0,250.0,105.0,100.0,600.0,1000.0,41.6,41.6,12979.385312,29297.385337,0.0
707,709.279055,300.0,105.0,100.0,204.27905,0.0,300.0,105.0,100.0,600.0,1000.0,41.6,41.6,11158.00848,29506.00868,0.0
708,704.384579,375.0,90.0,100.0,139.38458,0.0,375.0,90.0,100.0,600.0,1000.0,41.6,41.6,8503.398528,29302.398478,0.0
709,707.934928,450.0,90.0,100.0,67.934928,0.0,450.0,90.0,100.0,600.0,1000.0,41.6,41.6,5606.093005,29450.093013,0.0
710,707.415817,350.0,90.0,100.0,167.41582,0.0,350.0,90.0,100.0,600.0,1000.0,41.6,41.6,9644.498112,29428.497996,0.0
711,702.345214,300.0,75.0,100.0,227.34521,0.0,300.0,75.0,100.0,600.0,1000.0,41.6,41.6,12057.560736,29217.560886,0.0
712,696.774039,250.0,75.0,100.0,271.77404,0.0,250.0,75.0,100.0,600.0,1000.0,41.6,41.6,13855.800064,28985.800022,0.0
713,716.398293,200.0,60.0,100.0,356.39829,0.0,200.0,60.0,100.0,600.0,1000.0,41.6,41.6,17296.168864,29802.168989,0.0
714,721.088833,150.0,45.0,100.0,426.08883,0.0,150.0,45.0,100.0,600.0,1000.0,41.6,41.6,20115.295328,29997.295436,0.0
715,702.196896,50.0,60.0,100.0,492.1969,0.0,50.0,60.0,100.0,600.0,1000.0,41.6,41.6,22795.39104,29211.390874,0.0
716,667.648198,0.0,60.0,100.0,507.6482,0.0,0.0,60.0,100.0,600.0,1000.0,41.6,41.6,23388.16512,27774.16502,0.0
717,639.226865,0.0,90.0,100.0,449.22686,0.0,0.0,90.0,100.0,600.0,1000.0,41.6,41.6,21017.837376,26591.837576,0.0
718,614.532007,0.0,120.0,100.0,394.53201,0.0,0.0,120.0,100.0,600.0,1000.0,41.6,41.6,18802.531616,25564.5315,0.0
719,565.142293,0.0,150.0,100.0,315.14229,0.0,0.0,150.0,100.0,600.0,1000.0,41.6,41.6,15559.919264,23509.919397,0.0
720,529.12896,0.0,225.0,100.0,204.12896,0.0,0.0,225.0,100.0,600.0,1000.0,41.6,41.6,11091.764736,22011.764736,0.0
721,509.439817,0.0,180.0,100.0,229.43982,0.0,0.0,180.0,100.0,600.0,1000.0,41.6,41.6,12054.696512,21192.696396,0.0
722,500.077277,0.0,150.0,100.0,250.07728,0.0,0.0,150.0,100.0,600.0,1000.0,41.6,41.6,12853.214848,20803.21474,0.0
723,505.370357,0.0,135.0,100.0,270.37036,0.0,0.0,135.0,100.0,600.0,1000.0,41.6,41.6,13667.406976,21023.406843,0.0
724,517.560198,0.0,135.0,100.0,282.5602,0.0,0.0,135.0,100.0,600.0,1000.0,41.6,41.6,14174.50432,21530.504237,0.0
725,544.368579,0.0,135.0,100.0,309.36858,0.0,0.0,135.0,100.0,600.0,1000.0,41.6,41.6,15289.732928,22645.732886,0.0
726,607.014166,0.0,120.0,100.0,387.01417,0.0,0.0,120.0,100.0,600.0,1000.0,41.6,41.6,18489.789472,25251.789314,0.0
727,664.172008,50.0,120.0,100.0,394.17201,0.0,50.0,120.0,100.0,600.0,1000.0,41.6,41.6,18837.555616,27629.555516,0.0
728,679.652642,100.0,120.0,100.0,359.65264,0.0,100.0,120.0,100.0,600.0,1000.0,41.6,41.6,17451.549824,28273.549924,0.0
729,681.719817,150.0,120.0,100.0,311.71982,0.0,150.0,120.0,100.0,600.0,1000.0,41.6,41.6,15507.544512,28359.544387,0.0
730,688.357023,250.0,105.0,100.0,233.35702,0.0,250.0,105.0,100.0,600.0,1000.0,41.6,41.6,12317.652032,28635.652157,0.0
731,708.98242,300.0,105.0,100.0,203.98242,0.0,300.0,105.0,100.0,600.0,1000.0,41.6,41.6,11145.668672,29493.66868,0.0
732,710.224579,375.0,90.0,100.0,145.22458,0.0,375.0,90.0,100.0,600.0,1000.0,41.6,41.6,8746.342528,29545.34247,0.0
733,707.758801,450.0,90.0,100.0,67.758801,0.0,450.0,90.0,100.0,600.0,1000.0,41.6,41.6,5598.766122,29442.76613,0.0
734,692.463563,350.0,90.0,100.0,152.46356,0.0,350.0,90.0,100.0,600.0,1000.0,41.6,41.6,9022.484096,28806.484212,0.0
735,685.668769,300.0,75.0,100.0,210.66877,0.0,300.0,75.0,100.0,600.0,1000.0,41.6,41.6,11363.820832,28523.820799,0.0
736,680.023436,250.0,75.0,100.0,255.02344,0.0,250.0,75.0,100.0,600.0,1000.0,41.6,41.6,13158.975104,28288.974929,0.0
737,699.712579,200.0,60.0,100.0,339.71258,0.0,200.0,60.0,100.0,600.0,1000.0,41.6,41.6,16602.043328,29108.04327,0.0
738,711.642865,150.0,45.0,100.0,416.64286,0.0,150.0,45.0,100.0,600.0,1000.0,41.6,41.6,19722.342976,29604.343167,0.0
739,699.332515,50.0,60.0,100.0,489.33252,0.0,50.0,60.0,100.0,600.0,1000.0,41.6,41.6,22676.232832,29092.232632,0.0
740,662.151182,0.0,60.0,100.0,502.15118,0.0,0.0,60.0,100.0,600.0,1000.0,41.6,41.6,23159.489088,27545.489163,0.0
741,637.122611,0.0,90.0,100.0,447.12261,0.0,0.0,90.0,100.0,600.0,1000.0,41.6,41.6,20930.300576,26504.300609,0.0
742,615.885404,0.0,120.0,100.0,395.8854,0.0,0.0,120.0,100.0,600.0,1000.0,41.6,41.6,18858.83264,25620.832823,0.0
743,568.414547,0.0,150.0,100.0,318.41455,0.0,0.0,150.0,100.0,600.0,1000.0,41.6,41.6,15696.04528,23646.045147,0.0
744,530.973658,0.0,225.0,100.0,205.97366,0.0,0.0,225.0,100.0,600.0,1000.0,41.6,41.6,11168.504256,22088.504181,0.0
